Species,Presence of sexual dimorphism,Body mass in males,Body mass in females,Adult body mass,Body mass in juveniles,Snout-to-vent length in males,Snout-to-vent length in females,Adult snout-to-vent length,Total length in males,Total lenght in females,Adult total length,Head length < Body length,Head length = Body length,Head length > Body length,Foot length in males,Foot length in females,Adult foot length,Hind limb length in males,Hind limb length in females,Adult hind limb length,Tibia length in males,Tibia length in females,Adult tibia length,Fore limb length < Hind limb length,Fore limb length = Hind limb length,Fore limb length > Hind limb length,Presence of discs,Presence of webbing,Webbing on toes only,Webbing on fingers and toes,Reduction on fingers only,Reduction on fingers and toes,Presence of metatarsal tubercle,Dorsoseparation,Webbing colour contrast,Diurnal,Nocturnal,Both,Survival rate in adults,Survival rate in juveniles,Survivale rate in tadpoles,Sexual maturity in males,Sexual maturity in females,Adult sexual maturity,Polyandry,Polygyny,Viviparous: number of offspring,Ovoviviparous: number of eggs,Ovoviviparous: number of offspring,Single,Cluster,Strings,Metamorphosis size,Number of eggs or offspring,Egg diameter,Egg mass,Pole visible on egg,On ground,On adult,Attach in lotic habitat,Attach in lentic habitat,Free in lentic habitat,On surface in lentic habitat,Attach on swamps in lentic habitat,Free on swamps in lentic habitat,On surface on swamps in lentic habitat,On surface on non-permanent lentic ponds,Explosive or prolonged,Presence of parental care,Transport of eggs,Transport of tadpoles,Guarding eggs,Defend eggs,Water eggs,,Carnivorous,Insectivorous,Moluscivorous,Cannibalism,Herbivorous,Detritivorous,Carnivorous,Insectivorous,Moluscivorous,Cannibalism,Herbivorous,Detritivorous,Metabolism rate,Secretion,Toxicity,Death simulation,Unken reflex,Other,Visual,Acoustic,Chemical,Seismic,Males territorial,Females territorial,Both territorial,,,,,Walker,Jumper,Runner,Climber,Swimmer,Crawler,Dispersal stage juvenile,Dispersal stage adult,Dispersal stade during breeding season,Mean dispersal distance,Maximum dispersal distance,Minimal dispersal distance,Migration stage adult,Migration stage during breeding season,Mean migration distance,Maximum migration distance,Minimal migration distance,boreal,subarctic,subantarctic,subtropical/tropical dry,temperate,subtropical/tropical moist lowland,subtropical/tropical mangrove vegetation aboral,subtropical/tropical swamp,subtropical/tropical moist montane,dry,moist,subarctic,subantarctic,boreal,temperate,subtropical/tropical dry,subtropical/tropical moist,tropical high altitude,mediterranean-type shrubby vegetation,tundra,subarctic,subantarctic,temperate,subtropical/tropical dry,subtropical/tropical seasonally wet/ flooded,subtropical/ tropical high altitude,permanent rivers/streams/creeks (including waterfalls),intermittent/irregular rivers/streams/creeks,shrub dominated wetlands,bogs/marshes/swamps/fens/peatlands,permanent freshwater lakes (>8ha),seasonal/intermittent freshwater lakes (>8ha),permanent freshwater marshes/pools (>8ha),seasonal/intermittent freshwater marshes/pools (<8ha),freshwater springs and oases,tundra wetlands,geothermal wetlands,permanent inland deltas,"permanent saline, brackish or alkaline lakes","seasonal/intermittent saline, brackish or alkaline lakes","permanent saline, brackish or alkaline marshes/pools",karst and other subterranean hydrological systems,"inland cliffs, moutain peaks",caves,other subterranean habitats,hot,temperate,cold,arable land,pastureland,plantations,rural gardens,urban areas,subtropical/tropical heavily degraded former forest,dunes,Altitude min,Altitude max,Alpine,Anatolian,Arctic,Atlantic,Black Sea,Boreal,Continental,Mediterranean,Macaronesian,Pannonian,Steppic,absolute,absolute,ponctual,< 10 %,10-20 %,20-30 %,30-40 %,40-50 %,50-60 %,60-70 %,70-80 %,80-90 %,> 90 %,absolute,ponctual,< 15 %,15-30 %,30-45 %,45-60 %,60-75 %,75-90 %,> 90 %,absolute,ponctual,< 20 %,20-40 %,40-60 %,60-80 %,> 80 %,absolute,ponctual,< 25 %,25-50 %,50-75 %,> 75 %,absolute,ponctual,< 50 %,> 50 %,Ubiquity,Subendemic,Endemic,Data Deficient,Least Concern,Near Threatened,Vulnerable,Endangered,Critically Endangered,Data Deficient,Decrease,Stable,Increase,Habitat loss,Invasive alien,Harvesting,Accidental,Persecution,Pollution,Climate change,Natural disasters,Change dynamics,Intrinsic factors,Human disturbance,Unknow
Alytes cisternasii,0,DD,DD,5.02,DD,36.75,38.38,37.56,37.75,39.83,37.56,1,0,0,13,12.5,12.75,45,43.5,45.28,13,13,13.15,1,0,0,0,1,0,1,1,0,1,1,0,0,1,0,DD,DD,DD,DD,DD,2,0,1,0,0,0,1,0,0,25,60,3.5,0.02,0,0,1,0,0,0,0,0,0,0,0,1,1,1,0,1,1,1,DD,0,1,0,0,0,0,1,1,1,0,0,0,DD,1,0,0,0,0,1,1,0,0,1,0,0,DD,DD,DD,DD,1,1,DD,DD,DD,DD,DD,DD,DD,DD,DD,DD,DD,DD,DD,DD,DD,0,0,0,0,0,0,0,0,0,0,0,0,0,0,0,0,0,0,0,0,0,0,1,0,0,0,0,1,0,1,0,0,0,0,0,0,0,0,0,0,0,0,0,0,0,0,0,0,1,0,0,0,0,0,0,100,1800,0,0,0,0,0,0,0,1,0,0,0,178122.44,0,0,0,0,0,0,0,0,0,0,0,0,0,0,0,0,0,0,0,0,0,0,0,0,0,0,0,0,0,0,0,0,0,0,0,0,0,0,0,1,0,0,0,1,0,0,0,0,1,0,0,1,0,0,0,0,0,0,0,0,0,1,0
Alytes dickhilleni,DD,DD,DD,DD,DD,44.7,DD,47.17,DD,DD,47.17,1,0,0,DD,DD,DD,DD,DD,DD,DD,DD,DD,1,0,0,0,1,0,1,1,0,1,DD,DD,0,1,0,DD,DD,DD,DD,DD,2,DD,DD,0,0,0,1,0,0,25,40,DD,DD,DD,0,1,0,0,0,0,0,0,0,0,0,DD,1,0,1,1,1,DD,DD,DD,DD,DD,DD,DD,1,1,DD,DD,DD,DD,DD,1,0,0,0,0,1,1,0,0,DD,DD,DD,DD,DD,DD,DD,DD,DD,DD,DD,DD,DD,DD,DD,DD,DD,DD,DD,DD,DD,DD,DD,DD,0,0,0,0,1,0,0,0,0,0,0,0,0,0,0,0,0,0,0,0,0,0,0,0,0,0,0,0,0,0,0,0,0,0,0,0,0,0,0,0,0,0,1,0,0,0,0,0,0,0,0,0,0,0,0,340,2100,0,0,0,0,0,0,0,1,0,0,0,31402.06,0,0,0,0,0,0,0,0,0,0,0,0,0,0,0,0,0,0,0,0,0,0,0,0,0,0,0,0,0,0,0,0,0,0,0,0,0,0,0,0,1,0,0,0,1,0,0,0,1,0,0,1,0,0,0,0,0,0,0,0,0,1,0
Alytes muletensis,0,DD,DD,2.31,DD,34.7,35.65,35.18,DD,DD,35.18,1,0,0,DD,DD,DD,DD,DD,DD,DD,DD,DD,1,0,0,0,1,0,1,1,0,1,1,0,0,1,0,DD,DD,DD,DD,DD,3,DD,DD,0,0,0,1,0,0,DD,20,7,DD,DD,0,1,0,0,0,0,0,0,0,0,0,1,1,0,1,1,0,DD,0,1,0,0,0,0,1,1,DD,DD,DD,DD,DD,0,0,0,0,1,1,1,0,0,DD,DD,DD,DD,DD,DD,DD,DD,DD,DD,DD,DD,DD,DD,DD,DD,DD,DD,DD,DD,DD,DD,DD,DD,0,0,0,0,0,0,0,0,0,0,0,0,0,0,0,0,0,0,0,0,0,0,0,0,0,0,1,0,0,0,1,0,0,0,0,0,0,0,0,0,0,0,1,0,1,0,0,0,0,0,0,0,0,0,0,300,400,0,0,0,0,0,0,0,1,0,0,0,240.22,0,0,0,0,0,0,0,0,0,0,0,0,0,0,0,0,0,0,0,0,0,0,0,0,0,0,0,0,0,0,0,0,0,0,0,0,0,0,0,0,1,0,0,0,1,0,0,0,0,0,1,0,0,0,0,0,0,0,0,0,1,1,0
Alytes obstetricans,0,DD,11.7,11.7,3.5,45.05,49.57,47.31,46.15,51.6,47.31,1,0,0,15.25,15,15.13,54.25,55,58.61,16,15,17.38,1,0,0,0,1,0,1,1,0,1,0,0,0,1,0,DD,0.4,DD,DD,DD,2.5,0,1,0,0,0,1,0,0,26.5,70,5,0.04,0,0,1,0,0,0,0,0,0,0,0,0,1,1,0,1,1,0,0,0,0,0,0,1,0,1,1,1,0,0,0,DD,1,0,0,0,1,1,1,0,0,1,0,0,DD,1,1,0,1,1,0,1,1,0,0,1,0,DD,500,DD,DD,DD,DD,500,DD,0,0,0,0,1,0,0,0,0,0,0,0,0,0,0,0,0,0,0,0,0,0,0,0,0,0,0,0,0,0,0,0,0,1,0,0,0,0,0,0,0,0,1,0,0,0,0,0,1,0,0,0,0,0,0,0,2400,1,0,0,1,0,0,1,1,0,0,0,1209435.49,0,0,0,0,0,0,0,0,0,0,0,0,0,0,0,0,0,0,0,0,0,0,0,0,0,0,0,0,0,0,0,0,0,0,0,0,0,0,1,0,0,0,1,0,0,0,0,0,1,0,0,1,0,0,0,0,0,0,0,0,1,1,0
Anaxyrus americanus,DD,118.7,59.3,60,DD,62.87,76.89,69.88,64.56,76.89,69.88,1,0,0,DD,DD,29,DD,DD,DD,DD,53.33,21,1,0,0,0,1,1,0,1,0,DD,DD,DD,0,1,0,DD,DD,DD,DD,DD,3,DD,DD,DD,DD,DD,0,0,1,9.5,20000,1.4,DD,DD,0,0,1,1,0,0,1,0,0,0,0,DD,0,0,0,0,0,DD,0,0,0,0,1,1,1,1,1,0,0,0,0.15,1,0,0,0,1,1,1,0,0,0,0,0,687.95,DD,DD,DD,1,1,0,0,0,0,DD,DD,DD,DD,DD,DD,1,0,452.73,4023.36,13.72,0,0,0,0,1,0,0,0,0,0,0,0,0,0,0,0,0,0,0,0,0,0,1,0,0,0,0,0,0,0,0,0,1,0,0,0,0,0,0,0,0,0,0,0,0,0,0,0,0,0,1,1,1,0,0,0,1524,0,0,0,0,0,0,0,0,0,0,0,DD,0,0,0,0,0,0,0,0,0,0,0,0,0,0,0,0,0,0,0,0,0,0,0,0,1,0,0,0,0,0,0,0,0,0,0,0,0,0,0,1,0,0,1,0,0,0,0,0,0,1,0,0,0,0,0,0,0,0,0,0,0,0,1
Atylodes genei,1,DD,DD,3.92,DD,53.29,49,51.15,DD,DD,98.24,0,0,1,DD,DD,6.5,DD,DD,16.33,DD,DD,DD,0,1,0,0,1,1,0,1,0,0,1,0,0,0,1,DD,DD,DD,DD,DD,DD,DD,DD,0,0,0,1,0,0,20,10,5.5,DD,0,1,0,0,0,0,0,0,0,0,0,0,1,0,0,1,1,0,DD,0,1,0,0,0,0,DD,DD,DD,1,DD,DD,DD,DD,DD,DD,DD,DD,1,0,1,0,DD,DD,DD,DD,DD,DD,DD,DD,DD,DD,DD,DD,DD,DD,DD,DD,DD,DD,DD,DD,DD,DD,DD,DD,0,0,0,0,0,0,0,0,0,0,0,0,0,0,0,0,0,0,0,0,0,0,0,0,0,0,0,0,0,0,0,0,0,0,0,0,0,0,0,0,0,0,0,0,1,0,0,0,0,0,0,0,0,0,0,0,650,0,0,0,0,0,0,0,1,0,0,0,2246.7,0,0,0,0,0,0,0,0,0,0,0,0,0,0,0,0,0,0,0,0,0,0,0,0,0,0,0,0,0,0,0,0,0,0,0,0,0,0,0,0,1,0,0,0,1,0,0,0,1,0,0,1,0,1,0,1,0,0,0,0,0,1,0
Bombina bombina,1,3.17,2.97,3.07,0.87,38.89,40,39.44,36.6,36.8,39.44,1,0,0,17,16.33,16.67,52.33,51.67,52,14.33,14,14.17,1,0,0,0,1,1,0,1,0,0,1,0,1,0,0,DD,DD,DD,1,2,1,0,1,0,0,0,1,0,0,15,300,1.2,0.32,0,0,0,0,0,1,0,0,1,0,0,0,0,0,0,0,0,0,1,0,1,0,0,0,0,1,1,1,0,0,0,DD,1,0,0,1,0,1,1,1,0,1,0,0,60,1,1,0,1,1,0,0,1,0,1,1,0,DD,DD,DD,1,0,DD,170,DD,0,0,0,0,0,0,0,0,0,0,0,0,0,0,0,0,0,0,0,0,0,0,1,0,0,0,0,0,0,1,0,0,0,1,0,0,0,0,0,0,0,0,0,0,0,0,0,0,0,0,0,0,0,0,0,0,730,1,0,0,1,1,1,1,1,0,1,1,3799904.93,0,0,0,1,0,0,0,0,0,0,0,0,0,0,0,0,0,0,0,0,0,0,0,0,0,0,0,0,0,0,0,0,0,0,0,0,0,0,1,0,0,0,1,0,0,0,0,0,1,0,0,1,0,1,1,1,1,1,0,0,0,1,0
Bombina pachypus,DD,DD,DD,DD,DD,45.75,45.25,45.5,DD,DD,45.5,1,0,0,16,15,15.5,52.5,49,50.75,16,15,15.5,DD,DD,DD,DD,DD,DD,DD,DD,DD,DD,DD,DD,DD,DD,DD,DD,DD,DD,DD,DD,3,DD,DD,DD,DD,DD,1,0,0,DD,300,1.2,0.32,DD,0,0,0,0,1,0,0,1,0,0,DD,0,0,0,0,0,0,DD,DD,DD,DD,DD,DD,DD,DD,DD,DD,DD,DD,DD,DD,DD,DD,DD,DD,DD,1,1,1,0,DD,DD,DD,DD,DD,DD,DD,1,1,0,0,1,0,DD,DD,DD,DD,DD,DD,DD,DD,DD,250,DD,DD,DD,DD,DD,DD,DD,DD,DD,DD,DD,DD,DD,DD,DD,DD,DD,DD,DD,DD,DD,DD,DD,DD,DD,DD,DD,DD,DD,DD,DD,DD,DD,DD,DD,DD,DD,DD,DD,DD,DD,DD,DD,DD,DD,DD,DD,DD,DD,DD,DD,DD,DD,DD,DD,DD,DD,DD,1,0,0,0,0,0,1,1,0,0,0,101449.24,0,0,0,0,0,0,0,0,0,0,0,0,0,0,0,0,0,0,0,0,0,0,0,0,0,0,0,0,0,0,0,0,0,0,0,0,0,0,0,1,0,0,0,0,0,1,0,0,1,0,0,1,0,0,0,0,0,0,0,0,1,0,0
Bombina variegata,1,6.56,6.77,6.32,DD,45.08,44.34,44.71,DD,DD,44.71,1,0,0,DD,DD,DD,DD,DD,DD,DD,DD,DD,1,0,0,0,1,1,0,1,0,1,1,0,1,0,0,0.8,0.04,0.13,DD,DD,1.5,0,1,0,0,0,0,1,0,13.9,170,2,0.01,0,0,0,0,1,0,0,1,0,0,0,1,0,0,0,0,0,0,1,0,1,1,0,1,0,1,1,1,0,0,0,DD,1,0,0,1,0,1,1,1,0,1,0,0,DD,1,1,0,1,1,0,0,1,0,1,1,1,DD,4000,DD,1,1,192.73,3800,6,0,0,0,0,1,0,0,0,0,0,0,0,0,0,0,0,0,0,0,0,0,0,0,0,0,0,0,0,0,1,0,0,0,1,0,0,0,0,0,0,0,0,0,0,0,0,0,0,0,0,0,0,0,0,0,70,2100,1,0,0,0,0,0,1,1,0,1,0,1392652.56,0,0,0,0,0,0,0,0,0,0,0,0,0,0,0,0,0,0,0,0,0,0,0,0,0,0,0,0,0,0,0,0,0,0,0,0,0,0,1,0,0,0,1,0,0,0,0,0,1,0,0,1,0,1,0,1,1,1,0,0,0,0,0
Bufo bufo,1,41.5,164.75,76.54,DD,66.11,88.46,77.28,62.73,83.17,77.28,1,0,0,34.67,46.4,40.53,95.3,138.3,112.65,27,39.2,33.1,1,0,0,0,1,1,0,1,0,1,0,0,0,1,0,0.6,0.1,DD,3,4,3,1,1,0,0,0,0,0,1,11.75,10000,2.2,DD,0,0,0,0,1,0,0,0,0,0,0,1,0,0,0,0,0,0,1,0,1,0,0,1,0,1,1,1,0,0,0,0.21,1,0,0,0,1,1,1,1,0,1,0,0,50,0,1,1,1,1,1,1,0,0,1,1,0,180,DD,DD,1,0,15,4000,55,0,0,0,0,1,0,0,0,0,0,0,0,0,0,0,0,0,0,0,0,0,0,0,0,0,0,0,0,0,1,0,0,0,0,0,0,0,0,0,0,0,0,0,0,0,0,0,0,0,0,0,1,1,0,0,0,2500,1,0,0,1,1,1,1,1,0,1,1,14487863.56,0,0,0,0,1,0,0,0,0,0,0,0,0,0,1,0,0,0,0,0,0,0,0,0,0,0,0,0,0,0,0,0,0,0,0,0,0,0,1,0,0,0,1,0,0,0,0,0,0,1,0,1,0,1,1,1,1,1,0,0,1,1,0
Bufo mauritanicus,DD,DD,DD,DD,DD,132,150,141,DD,DD,141,1,0,0,DD,DD,DD,DD,DD,DD,DD,DD,DD,1,0,0,0,1,1,0,1,0,1,DD,DD,0,1,0,DD,DD,DD,DD,DD,DD,DD,DD,DD,DD,DD,DD,DD,DD,12,10000,DD,DD,DD,DD,DD,DD,DD,DD,DD,DD,DD,DD,DD,DD,0,0,0,0,0,0,DD,DD,DD,DD,DD,DD,DD,1,1,0,0,0,0,DD,DD,DD,DD,DD,DD,1,1,1,0,DD,DD,DD,DD,DD,DD,DD,1,1,0,0,0,0,DD,DD,DD,DD,DD,DD,DD,DD,DD,DD,DD,0,0,0,0,1,0,0,0,0,0,0,0,0,0,0,0,0,0,0,0,0,0,0,0,0,0,0,0,0,0,0,0,0,0,1,0,0,0,0,0,0,0,1,0,0,0,0,0,0,0,0,1,1,0,0,DD,2600,0,0,0,0,0,0,0,1,0,0,0,754569.77,0,0,0,0,0,0,0,0,0,0,0,0,0,0,1,0,0,0,0,0,0,0,0,0,0,0,0,0,0,0,0,0,0,0,0,0,0,0,0,1,0,0,1,0,0,0,0,0,0,1,0,1,0,0,1,0,1,1,0,0,0,1,0
Calotriton arnoldi,DD,DD,DD,DD,DD,58.95,58.45,58.7,104.6,104.6,103.95,0,1,0,DD,DD,DD,DD,DD,18.27,DD,DD,DD,0,1,0,0,0,0,0,1,0,0,DD,DD,0,1,0,DD,DD,DD,DD,DD,DD,DD,DD,DD,DD,DD,DD,DD,DD,DD,20,DD,DD,DD,DD,DD,DD,DD,DD,DD,DD,DD,DD,DD,DD,DD,DD,DD,DD,DD,DD,DD,DD,DD,DD,DD,DD,DD,1,1,0,0,0,0,DD,1,0,0,0,0,1,0,1,0,DD,DD,DD,DD,DD,DD,DD,DD,DD,DD,DD,DD,DD,DD,DD,DD,DD,DD,DD,DD,DD,DD,DD,DD,DD,DD,DD,DD,DD,DD,DD,DD,DD,DD,DD,DD,DD,DD,DD,DD,DD,DD,DD,DD,DD,DD,DD,DD,DD,DD,DD,DD,DD,DD,DD,DD,DD,DD,DD,DD,DD,DD,DD,DD,DD,DD,DD,DD,DD,DD,DD,DD,DD,DD,DD,DD,DD,DD,DD,600,1200,0,0,0,0,0,0,0,1,0,0,0,127,0,0,0,0,0,0,0,0,0,0,0,0,0,0,0,0,0,0,0,0,0,0,0,0,0,0,0,0,0,0,0,0,0,0,0,0,0,0,0,0,1,0,0,0,0,0,1,0,1,0,0,0,0,0,0,0,1,1,0,0,0,1,0
Calotriton asper,1,7.1,6.13,6.62,1.8,64.97,61.67,63.32,112.93,121.01,116.7,0,1,0,DD,DD,DD,18.29,16.51,16.5,DD,DD,DD,0,1,0,0,0,0,0,1,0,0,0,0,0,1,0,DD,DD,DD,3,4,3,DD,DD,0,0,0,1,0,0,53.38,30,5,DD,0,1,0,0,0,0,0,0,0,0,0,0,0,0,0,0,0,0,1,1,1,1,1,0,0,1,1,1,0,0,0,DD,1,0,0,0,0,1,0,1,0,0,0,0,DD,1,DD,0,1,0,0,0,1,0,0,1,0,DD,DD,DD,1,0,50,DD,DD,0,0,0,0,0,0,0,0,0,0,0,0,0,0,0,0,0,0,0,0,0,0,0,0,0,0,1,0,0,0,1,0,1,0,0,0,0,0,0,0,0,0,0,1,1,0,0,0,0,0,0,0,0,0,0,175,2500,1,0,0,1,0,0,0,1,0,0,0,30087.28,0,0,0,0,0,0,0,0,0,0,0,0,0,0,0,0,0,0,0,0,0,0,0,0,0,0,0,0,0,0,0,0,0,0,0,0,0,0,0,1,0,0,0,1,0,0,0,0,1,0,0,1,1,0,0,0,1,0,0,0,0,1,0
Chioglossa lusitanica,1,DD,DD,2,DD,45.09,45.94,45.51,156,164,159,0,0,1,DD,DD,DD,12.62,12.6,14.04,DD,DD,DD,0,1,0,0,0,0,0,1,0,0,0,0,0,1,0,DD,DD,DD,DD,DD,4,DD,DD,0,0,0,0,1,0,70,20,5,DD,0,0,0,1,1,0,0,1,0,0,0,0,0,0,0,0,0,0,1,0,1,0,0,0,0,1,1,1,0,0,0,DD,1,0,0,0,1,1,0,1,0,DD,DD,DD,DD,DD,1,0,0,0,0,1,0,0,1,1,0,25,700,DD,1,0,DD,700,DD,0,0,0,0,0,0,0,0,0,0,0,0,0,0,0,0,0,0,0,0,0,0,0,0,0,0,1,0,0,0,0,0,0,0,0,0,0,0,0,0,0,0,0,1,1,0,0,0,0,0,0,0,0,0,0,0,1200,0,0,0,1,0,0,0,1,0,0,0,59341.23,0,0,0,0,0,0,0,0,0,0,0,0,0,0,0,0,0,0,0,0,0,0,0,0,0,0,0,0,0,0,0,0,0,0,0,0,0,0,0,1,0,0,0,0,1,0,0,0,1,0,0,1,0,0,0,0,1,1,1,0,0,1,0
Discoglossus galganoi,1,21.8,15.2,18.5,DD,54.85,49.2,52.03,50.5,46.5,52.03,1,0,0,DD,DD,DD,DD,DD,DD,DD,DD,DD,1,0,0,0,1,1,0,1,0,1,0,0,0,0,1,DD,DD,DD,5,4,4,1,0,0,0,0,0,1,0,10,1500,2,DD,0,0,0,0,1,1,0,1,1,0,0,0,0,0,0,0,0,0,DD,0,1,0,0,1,1,1,1,1,1,0,0,DD,0,0,0,0,1,1,1,1,0,DD,DD,DD,DD,DD,DD,DD,DD,DD,DD,DD,DD,DD,DD,DD,DD,DD,DD,DD,DD,DD,DD,DD,DD,0,0,0,0,0,0,0,0,0,0,0,0,0,0,0,0,0,0,0,0,0,0,0,0,0,0,1,0,0,1,0,0,0,0,0,0,0,0,0,0,0,0,0,0,0,0,0,0,0,0,0,0,0,0,0,0,1600,0,0,0,1,0,0,0,1,0,0,0,321622.97,0,0,0,0,0,0,0,0,0,0,0,0,0,0,0,0,0,0,0,0,0,0,0,0,0,0,0,0,0,0,0,0,0,0,0,0,0,0,0,1,0,0,1,0,0,0,0,0,1,0,0,1,1,0,0,0,0,0,1,0,0,1,0
Discoglossus jeanneae,DD,DD,DD,DD,DD,39.5,40.7,40.1,DD,DD,40.1,1,0,0,DD,DD,DD,DD,DD,DD,DD,DD,DD,1,0,0,0,1,1,0,1,0,1,DD,DD,0,0,1,DD,DD,DD,DD,DD,DD,DD,DD,DD,DD,DD,0,1,0,DD,1500,DD,DD,DD,0,0,0,1,1,0,1,1,0,0,0,0,0,0,0,0,0,DD,0,0,0,0,1,0,1,1,1,0,0,0,DD,0,0,0,0,1,1,1,1,0,DD,DD,DD,DD,DD,DD,DD,DD,DD,DD,DD,DD,DD,DD,DD,DD,DD,DD,DD,DD,DD,DD,DD,DD,0,0,0,0,0,0,0,0,0,0,0,0,0,0,0,0,0,0,0,0,0,0,0,0,0,0,0,0,0,0,0,0,0,0,0,0,0,0,0,0,0,0,0,0,0,0,0,0,0,0,0,0,0,0,0,DD,DD,0,0,0,1,0,0,0,1,0,0,0,197868.82,0,0,0,0,0,0,0,0,0,0,0,0,0,0,0,0,0,0,0,0,0,0,0,0,0,0,0,0,0,0,0,0,0,0,0,0,0,0,0,1,0,0,0,1,0,0,0,0,1,0,0,1,1,0,0,0,0,0,0,0,0,1,0
Discoglossus montalentii,1,DD,DD,DD,DD,DD,DD,60,DD,DD,60,1,0,0,DD,DD,DD,DD,DD,DD,DD,DD,DD,1,0,0,0,1,1,0,1,0,1,0,0,0,0,1,DD,DD,DD,DD,DD,DD,DD,DD,0,0,0,0,1,0,DD,1000,1.5,DD,0,0,0,0,0,1,0,0,1,0,0,0,0,0,0,0,0,0,DD,DD,DD,DD,DD,DD,DD,1,1,0,0,0,0,DD,0,0,0,0,1,1,1,1,0,DD,DD,DD,DD,DD,DD,DD,DD,1,DD,DD,DD,DD,DD,DD,DD,DD,DD,DD,DD,DD,DD,DD,DD,0,0,0,0,0,0,0,0,0,0,0,0,0,0,0,0,0,0,0,0,0,0,0,0,0,0,1,0,0,1,1,0,0,0,0,0,0,0,0,0,0,0,1,0,0,0,0,0,0,0,0,0,0,0,0,300,1900,0,0,0,0,0,0,0,1,0,0,0,4506.86,0,0,0,0,0,0,0,0,0,0,0,0,0,0,0,0,0,0,0,0,0,0,0,0,0,0,0,0,0,0,0,0,0,0,0,0,0,0,0,0,1,0,0,1,0,0,0,1,0,0,0,0,1,0,0,0,0,0,0,0,0,0,0
Discoglossus pictus,1,22.05,9.65,15.85,DD,56.49,47.86,52.18,DD,DD,52.18,1,0,0,27.25,23.5,25.38,89.75,80,86.67,29.75,26,28.83,1,0,0,0,1,1,0,1,0,1,0,0,0,0,1,DD,DD,DD,DD,DD,4,DD,DD,0,0,0,0,1,0,10,1500,1.5,DD,0,0,0,0,1,0,0,0,0,0,0,0,0,0,0,0,0,0,DD,0,1,0,0,1,1,1,1,1,1,0,0,0.21,0,0,0,0,1,1,1,1,0,DD,DD,DD,DD,0,DD,DD,DD,DD,DD,DD,DD,DD,DD,DD,DD,DD,1500,DD,DD,DD,DD,DD,DD,0,0,0,0,1,0,0,0,0,0,0,0,0,0,0,0,0,0,0,0,0,0,0,0,0,0,0,0,0,1,0,0,0,0,0,0,0,0,0,0,0,0,0,0,0,0,0,0,0,1,0,0,0,0,1,0,1500,0,0,0,0,0,0,0,1,0,0,0,218784.87,0,0,0,0,0,0,0,0,0,0,0,0,0,0,1,0,0,0,0,0,0,0,0,0,0,0,0,0,0,0,0,0,0,0,0,0,0,0,0,1,0,0,1,0,0,0,0,0,0,1,0,1,0,0,0,0,0,0,0,0,0,1,0
Discoglossus sardus,1,DD,DD,DD,DD,54.6,55.5,55.05,DD,DD,55.05,1,0,0,DD,DD,DD,DD,DD,DD,DD,DD,DD,1,0,0,0,1,1,0,1,0,0,1,0,0,0,1,DD,DD,DD,DD,DD,3,DD,DD,0,0,0,0,1,0,15.25,1000,1.5,DD,0,0,0,1,0,0,0,0,0,0,0,0,0,0,0,0,0,0,DD,0,0,0,0,1,1,1,1,0,1,0,0,DD,0,0,0,0,1,1,1,1,0,DD,DD,DD,DD,DD,DD,DD,DD,DD,DD,DD,DD,DD,DD,DD,DD,DD,250,DD,DD,DD,DD,DD,DD,0,0,0,0,1,0,0,0,0,0,0,0,0,0,0,0,0,0,0,0,0,0,0,0,0,0,1,0,0,1,0,0,0,0,0,0,0,0,0,0,0,0,0,0,0,0,0,0,0,0,0,0,0,0,0,0,1770,0,0,0,0,0,0,0,1,0,0,0,33013.18,0,0,0,0,0,0,0,0,0,0,0,0,0,0,0,0,0,0,0,0,0,0,0,0,0,0,0,0,0,0,0,0,0,0,0,0,0,0,0,0,1,0,1,0,0,0,0,0,1,0,0,1,0,0,0,0,0,0,0,0,0,1,1
Epidalea calamita,1,46.81,53.63,50.22,DD,59.03,67.13,63.08,72.88,72.75,63.08,1,0,0,24,22.33,23.17,68.67,67.67,68.17,20.67,20,20.34,1,0,0,0,1,1,0,1,0,1,1,0,0,1,0,DD,0.22,0.27,3,4,3,0,1,0,0,0,0,0,1,9.66,4000,1.7,DD,0,0,0,0,1,1,0,1,1,0,0,1,0,0,0,0,0,0,1,0,0,0,0,1,1,1,1,1,0,0,0,0.32,1,0,0,0,1,1,1,1,1,1,0,0,1450,1,1,0,0,0,1,1,0,0,1,1,0,2462.8,4411,567,0,1,510.66,2600,86,0,0,0,0,0,0,0,0,0,0,0,0,0,0,0,0,0,0,0,0,0,0,1,0,0,0,0,0,0,1,0,0,0,0,0,0,0,0,0,0,1,0,0,0,0,0,0,0,0,0,0,0,0,0,1,0,2400,1,0,0,1,0,1,1,1,0,0,0,2758680.29,0,0,0,0,0,0,0,0,0,0,0,0,0,0,0,0,0,0,0,0,0,0,0,0,0,0,0,0,0,0,0,0,0,0,0,0,0,0,1,0,0,0,1,0,0,0,0,0,1,0,0,1,0,0,0,0,1,1,0,0,0,1,0
Euproctus montanus,1,DD,DD,2.5,DD,56,58,57,DD,DD,116.5,0,0,1,DD,DD,DD,DD,DD,20.5,DD,DD,DD,0,1,0,0,0,0,0,1,0,0,0,0,0,1,0,DD,DD,DD,3,4,3,DD,DD,0,0,0,1,0,0,50.85,60,2.5,DD,0,0,0,0,1,0,0,1,0,0,0,0,1,0,0,1,1,0,DD,0,0,1,1,0,0,1,1,1,0,0,0,DD,1,0,0,0,0,1,0,1,0,DD,DD,DD,DD,DD,DD,DD,DD,DD,DD,DD,DD,DD,DD,DD,DD,DD,DD,DD,DD,DD,DD,DD,DD,0,0,0,0,0,0,0,0,0,0,0,0,0,0,0,0,0,0,0,0,0,0,0,0,0,0,1,0,0,0,1,0,1,0,0,0,0,0,0,0,0,0,0,0,0,0,0,0,0,0,0,0,0,0,0,500,2260,0,0,0,0,0,0,0,1,0,0,0,6018.22,0,0,0,0,0,0,0,0,0,0,0,0,0,0,0,0,0,0,0,0,0,0,0,0,0,0,0,0,0,0,0,0,0,0,0,0,0,0,0,0,1,0,1,0,0,0,0,0,0,1,0,1,1,0,0,1,1,1,0,0,0,1,0
Euproctus platycephalus,1,5.1,2.9,4,DD,59.85,43.55,51.7,127,112,120,0,0,1,DD,DD,DD,30.3,25.2,16.5,DD,DD,DD,0,1,0,0,0,0,0,1,0,0,0,0,1,0,0,DD,DD,DD,DD,DD,2.5,DD,DD,0,0,0,1,0,0,60,220,3,DD,0,1,0,0,0,0,0,0,0,0,0,0,1,0,0,1,1,0,0,1,1,1,0,0,0,1,1,1,0,0,0,DD,1,0,0,0,0,1,0,1,0,DD,DD,DD,DD,DD,DD,DD,1,0,1,0,1,0,DD,DD,DD,DD,DD,DD,DD,DD,DD,DD,DD,0,0,0,0,0,0,0,0,0,0,0,0,0,0,0,0,0,0,0,0,0,0,0,0,0,1,0,0,0,1,1,0,0,0,0,0,0,0,0,0,0,0,0,0,0,0,0,0,0,0,0,0,0,0,0,50,1800,0,0,0,0,0,0,0,1,0,0,0,10840.26,0,0,0,0,0,0,0,0,0,0,0,0,0,0,0,0,0,0,0,0,0,0,0,0,0,0,0,0,0,0,0,0,0,0,0,0,0,0,0,0,1,0,0,0,0,1,0,0,1,0,0,1,1,0,0,0,1,1,0,0,0,1,0
Hyla arborea,1,5.35,7.06,6.04,DD,41.19,44.03,42.61,43.07,44.35,42.61,1,0,0,17.33,18.67,18,58,19.33,60.84,18,18.67,19.07,1,0,0,1,1,0,1,1,0,1,1,0,0,0,1,DD,DD,DD,1,2,1,0,1,0,0,0,0,1,0,18,1400,1.5,DD,1,0,0,0,1,0,0,1,0,0,0,1,0,0,0,0,0,0,1,0,1,0,0,0,0,1,1,1,0,0,0,1.75,1,0,0,0,0,1,1,0,0,1,0,0,10,1,1,1,0,1,0,1,0,0,1,1,0,DD,2400,1500,1,0,390,12570,18,0,0,0,0,1,0,0,0,0,0,0,0,0,0,1,0,0,0,0,0,0,0,0,0,0,0,0,0,1,1,0,0,0,0,0,0,0,0,0,0,0,0,0,0,0,0,0,0,0,0,0,1,1,0,0,0,2300,1,1,0,1,1,1,1,1,0,1,1,4481673.62,0,0,1,0,0,0,0,0,0,0,0,0,0,0,0,0,0,0,0,0,0,0,0,0,0,0,0,0,0,0,0,0,0,0,0,0,0,0,1,0,0,0,1,0,0,0,0,0,1,0,0,1,0,1,0,1,1,1,0,0,0,1,0
Hyla intermedia,DD,DD,DD,6.28,DD,38.03,43.93,40.98,DD,DD,40.98,1,0,0,DD,DD,17.14,DD,DD,DD,DD,DD,15.72,1,0,0,1,1,0,1,1,0,1,DD,DD,0,0,1,DD,DD,DD,1,2,1,0,1,DD,DD,DD,0,1,0,20,1400,1.5,DD,DD,0,0,0,1,0,0,1,0,0,0,1,0,0,0,0,0,0,DD,DD,DD,DD,DD,DD,DD,1,1,1,0,0,0,DD,1,0,0,0,0,1,1,0,0,1,0,0,DD,1,DD,DD,0,1,0,1,0,0,DD,DD,DD,DD,DD,DD,DD,DD,DD,12600,DD,DD,DD,DD,DD,DD,DD,DD,DD,DD,DD,DD,DD,DD,DD,DD,DD,DD,DD,DD,DD,DD,DD,DD,DD,DD,DD,DD,DD,DD,DD,DD,DD,DD,DD,DD,DD,DD,DD,DD,DD,DD,DD,DD,DD,DD,DD,DD,DD,DD,DD,DD,DD,DD,DD,DD,0,2300,1,0,0,0,0,0,1,1,0,0,0,247041.91,0,0,0,0,0,0,0,0,0,0,0,0,0,0,0,0,0,0,0,0,0,0,0,0,0,0,0,0,0,0,0,0,0,0,0,0,0,0,0,1,0,0,1,0,0,0,0,0,0,1,0,1,0,0,0,0,1,1,0,0,0,1,0
Hyla meridionalis,1,2.65,2.65,3.11,DD,38.59,39.45,39.02,DD,DD,39.02,1,0,0,17.33,17.67,17.5,64.33,65.67,65.02,20.33,17.67,20.55,1,0,0,1,1,0,1,1,0,1,1,0,0,1,0,DD,DD,DD,1,2,1,DD,DD,0,0,0,0,1,0,14.8,1000,1.5,DD,1,0,0,0,1,1,0,1,1,0,0,1,0,0,0,0,0,0,DD,0,0,0,0,1,1,1,1,1,0,1,0,DD,1,0,0,0,0,1,1,0,0,1,0,0,DD,1,DD,DD,0,1,0,1,0,0,DD,DD,DD,DD,DD,DD,DD,DD,DD,DD,DD,0,0,0,0,1,0,0,0,0,0,0,0,0,0,1,0,0,0,0,0,0,0,0,0,0,0,1,0,0,1,0,0,0,1,0,0,0,0,0,0,0,0,0,0,0,0,0,0,1,0,0,1,0,0,0,0,965,1,0,0,1,0,0,0,1,1,0,0,694723.24,0,0,0,0,0,0,0,0,0,0,0,0,0,0,1,0,0,0,0,0,0,0,0,0,0,0,0,0,0,0,0,0,0,0,0,0,0,0,1,0,0,0,1,0,0,0,0,0,0,1,0,1,1,0,0,0,1,1,0,0,0,1,0
Hyla sarda,1,DD,DD,3.18,DD,DD,DD,35.6,DD,DD,35.6,1,0,0,DD,DD,DD,DD,DD,DD,DD,DD,DD,1,0,0,1,1,0,1,1,0,1,1,0,0,0,1,DD,DD,DD,1,2,1,DD,DD,0,0,0,0,1,0,20,1000,1.5,DD,1,0,0,0,1,0,0,1,0,0,0,1,0,0,0,0,0,0,DD,0,1,0,0,0,0,1,1,1,0,0,0,DD,1,0,0,0,0,1,1,0,0,1,0,0,DD,1,DD,DD,0,1,0,1,0,0,0,1,0,DD,500,DD,DD,DD,DD,12600,DD,0,0,0,0,0,0,0,0,0,0,0,0,0,0,1,0,0,0,0,0,0,0,0,0,0,0,1,0,0,1,0,0,0,1,0,0,0,0,0,0,0,0,1,0,0,0,0,0,0,0,0,0,1,0,0,0,1750,0,0,0,0,0,0,0,1,0,0,0,33518.71,0,0,0,0,0,0,0,0,0,0,0,0,0,0,0,0,0,0,0,0,0,0,0,0,0,0,0,0,0,0,0,0,0,0,0,0,0,0,0,0,1,0,1,0,0,0,0,0,0,1,0,0,0,0,0,0,0,0,0,0,0,0,1
Lissotriton boscai,1,DD,DD,1.77,DD,32.18,38.12,35.15,66.44,77.2,72.49,0,1,0,DD,DD,DD,DD,DD,13.5,DD,DD,32.94,0,1,0,0,1,1,0,1,0,0,1,0,0,1,0,DD,DD,DD,DD,DD,3,DD,DD,DD,DD,DD,1,0,0,32.95,250,2,0,DD,0,0,1,1,0,0,1,0,0,0,0,DD,0,0,0,0,0,DD,1,1,1,0,0,0,1,1,1,1,1,1,DD,0,0,0,1,0,1,0,1,1,0,0,0,DD,DD,DD,DD,1,0,0,0,1,0,DD,DD,DD,DD,DD,DD,DD,DD,80,DD,DD,0,0,0,0,0,0,0,0,0,0,0,0,0,0,0,0,0,0,0,0,0,0,0,0,0,0,1,0,0,1,0,0,0,0,0,0,0,0,0,0,0,0,0,0,1,0,0,0,0,0,0,0,0,0,0,0,1940,0,0,0,1,0,0,0,1,0,0,0,240559.43,0,0,0,0,0,0,0,0,0,0,0,0,0,0,0,0,0,0,0,0,0,0,0,0,0,0,0,0,0,0,0,0,0,0,0,0,0,0,0,1,0,0,1,0,0,0,0,0,0,1,0,1,1,0,0,0,0,0,0,0,1,1,0
Lissotriton helveticus,1,1.24,1.45,1.3,DD,34.5,39.64,37.07,72,76,77.24,0,1,0,DD,DD,DD,DD,DD,14,DD,DD,DD,0,1,0,0,1,1,0,1,0,0,1,1,0,1,0,0.42,DD,DD,2,5,2,0,1,0,0,0,1,0,0,35,460,1.5,0,0,0,0,1,1,0,0,1,0,0,0,1,0,0,0,0,0,0,1,1,1,1,0,0,0,1,1,1,1,0,0,DD,1,0,0,0,1,1,1,1,1,0,0,0,DD,1,DD,DD,1,0,0,0,1,0,1,1,0,DD,DD,DD,1,1,DD,400,DD,0,0,0,0,0,0,0,0,0,0,0,0,0,0,0,0,0,0,0,0,0,0,0,0,0,0,0,0,0,1,1,0,0,0,0,0,0,0,0,0,0,0,0,0,0,0,0,0,0,0,0,0,0,0,0,0,2400,1,0,0,1,0,0,1,1,0,0,0,1376115.03,0,0,0,0,0,0,0,0,0,0,0,0,0,0,0,0,0,0,0,0,0,0,0,0,0,0,0,0,0,0,0,0,0,0,0,0,0,0,1,0,0,0,1,0,0,0,0,0,0,1,0,1,1,0,0,0,1,1,0,0,0,1,0
Lissotriton italicus,1,DD,DD,0.98,DD,DD,DD,NA,DD,80,67.28,0,1,0,DD,DD,DD,DD,DD,DD,DD,DD,DD,0,1,0,0,1,1,0,1,0,0,1,DD,0,1,0,DD,DD,DD,DD,DD,DD,DD,DD,DD,DD,DD,1,0,0,25,400,1.5,DD,DD,0,0,1,1,0,0,1,0,0,0,0,0,0,0,0,0,0,DD,0,1,0,0,0,0,1,1,1,0,0,0,DD,0,0,0,0,1,1,0,1,1,0,0,0,DD,DD,DD,DD,1,0,0,0,1,0,DD,DD,DD,DD,182,DD,DD,DD,DD,DD,DD,0,0,0,0,0,0,0,0,0,0,0,0,0,0,0,0,0,0,0,0,0,0,0,0,0,0,0,0,0,1,0,0,0,0,0,0,0,0,0,0,0,0,0,0,0,0,0,0,0,0,0,0,0,0,0,0,1525,0,0,0,0,0,0,1,1,0,0,0,78459.35,0,0,0,0,0,0,0,0,0,0,0,0,0,0,0,0,0,0,0,0,0,0,0,0,0,0,0,0,0,0,0,0,0,0,0,0,0,0,0,1,0,0,1,0,0,0,0,0,1,0,0,1,1,0,0,0,1,1,0,0,0,1,0
Lissotriton montandoni,1,1.7,2.6,2.15,DD,38.79,45.04,41.91,75,100,83.85,0,1,0,DD,DD,DD,13.4,13.6,14.17,DD,DD,DD,0,1,0,0,1,1,0,1,0,0,DD,DD,0,0,1,DD,DD,DD,DD,DD,3,DD,DD,DD,DD,DD,1,0,0,30,250,DD,DD,DD,0,0,0,1,0,0,1,0,0,0,1,DD,0,0,0,0,0,DD,DD,DD,DD,DD,DD,DD,1,1,1,1,0,0,DD,0,0,0,0,1,1,0,1,1,0,0,0,DD,DD,DD,DD,1,0,0,0,1,0,DD,DD,DD,DD,DD,DD,DD,DD,DD,DD,DD,0,0,0,0,1,0,0,0,0,0,0,0,0,0,0,0,0,0,0,0,0,0,0,0,0,0,1,0,0,1,1,0,0,0,0,0,0,0,0,0,0,0,0,0,0,0,0,0,0,0,0,0,0,0,0,200,2000,1,0,0,0,0,0,1,0,0,0,0,149289.07,0,0,0,0,0,0,0,0,0,0,0,0,0,0,0,0,0,0,0,0,0,0,0,0,0,0,0,0,0,0,0,0,0,0,0,0,0,0,0,1,0,0,1,0,0,0,0,0,1,0,0,1,1,1,0,1,1,1,0,0,0,1,0
Lissotriton vulgaris,1,2.26,3.1,2.68,DD,39.98,41.38,40.68,72,76,84.23,0,1,0,DD,DD,DD,DD,DD,14.5,DD,DD,DD,0,1,0,0,1,1,0,1,0,0,0,1,0,0,1,0.5,0.8,DD,2.88,3.17,2.88,0,1,0,0,0,1,0,0,39.67,300,1.5,0,0,0,0,0,1,0,0,1,0,0,0,1,0,0,0,0,0,0,1,0,1,1,0,0,0,1,1,1,1,0,0,1.03,1,0,0,0,1,1,0,1,1,0,0,0,DD,1,1,0,1,0,0,0,1,0,1,1,0,DD,DD,DD,0,1,34.5,866,80,0,0,0,0,1,0,0,0,0,0,0,0,0,0,0,0,0,0,0,0,0,0,0,0,0,0,0,0,0,1,0,0,0,0,0,0,0,0,0,0,0,0,1,0,0,0,0,0,1,0,0,1,0,0,0,0,2150,1,1,0,1,1,1,1,1,0,1,1,10174105.74,0,0,0,1,0,0,0,0,0,0,0,0,0,0,0,0,0,0,0,0,0,0,0,0,0,0,0,0,0,0,0,0,0,0,0,0,0,0,1,0,0,0,1,0,0,0,0,0,0,1,0,1,1,1,0,1,1,1,0,0,0,1,0
Lithobates catesbeianus,1,467.8,403,307.23,26.31,134.74,135.53,135.14,105.3,113.2,135.14,1,0,0,66.33,65.56,65.95,186.83,190.56,188.98,55.17,58.44,56.81,1,0,0,0,1,1,0,1,0,1,0,0,0,0,1,DD,DD,0.14,1.5,2.5,1.5,0,1,0,0,0,0,1,0,95,25000,2.5,DD,1,0,0,0,0,0,1,0,0,1,1,0,0,0,0,0,0,0,DD,1,1,1,0,1,1,1,1,1,1,0,0,0.03,0,0,0,0,1,1,1,0,0,1,0,0,DD,DD,DD,1,0,1,0,0,0,0,1,1,0,158.41,1600,1.5,1,1,1083.93,4000,DD,0,0,0,0,0,0,0,0,0,0,0,0,0,0,0,0,0,0,0,0,0,0,0,0,0,0,1,0,0,1,1,0,0,0,0,0,0,0,0,0,0,0,0,0,0,0,0,0,0,0,0,0,0,0,0,DD,DD,1,0,0,1,0,0,1,1,0,0,0,DD,0,1,0,0,0,0,0,0,0,0,0,0,0,0,0,0,0,0,0,0,0,0,0,0,1,0,0,0,0,1,0,0,0,0,0,0,0,0,1,0,0,0,1,0,0,0,0,0,0,0,1,0,0,0,0,0,0,0,0,0,0,0,1
Lithobates sylvaticus,DD,11.2,17.6,14.4,DD,53.04,62.32,57.68,46.05,52.55,57.68,1,0,0,22.9,27.38,30.88,72.1,86.19,95.59,22.6,27.88,29.49,1,0,0,0,1,1,0,1,0,DD,DD,DD,DD,DD,DD,DD,DD,DD,1,2,1,DD,DD,DD,DD,DD,0,1,0,12.7,3000,2.06,DD,DD,0,0,0,1,1,0,1,1,0,0,DD,DD,0,0,0,0,0,DD,1,1,0,1,0,0,0,1,0,0,0,0,0.6,0,0,0,0,1,1,1,0,0,DD,DD,DD,64.55,DD,DD,0,DD,DD,DD,DD,DD,DD,1,1,0,1208,2530,DD,0,1,216.77,800,1,0,0,0,0,1,0,0,0,0,0,0,0,0,0,1,0,0,0,0,0,0,0,0,0,0,0,1,0,0,1,0,0,0,0,0,0,0,0,0,0,0,0,0,0,0,0,0,0,1,1,0,0,0,0,0,43,1100,0,0,0,0,0,0,0,0,0,0,0,DD,0,0,0,0,0,0,0,0,0,0,0,0,0,0,0,0,0,0,0,0,0,0,0,0,1,0,0,0,0,0,0,0,0,0,0,0,0,0,0,1,0,0,1,0,0,0,0,0,0,1,0,1,0,1,0,1,0,0,0,0,0,0,0
Lyciasalamandra helverseni,DD,DD,DD,DD,DD,DD,DD,NA,DD,DD,140,0,0,1,DD,DD,DD,DD,DD,DD,DD,DD,DD,0,1,0,0,0,0,0,1,0,0,DD,DD,0,1,0,DD,DD,DD,DD,DD,3,DD,DD,2,0,0,0,0,0,DD,2,DD,DD,DD,0,0,0,0,0,0,0,0,0,0,0,DD,0,0,0,0,0,DD,DD,DD,DD,DD,DD,DD,1,1,1,0,0,0,DD,DD,DD,DD,DD,DD,1,0,1,1,DD,DD,DD,DD,1,DD,DD,DD,DD,DD,DD,DD,DD,DD,DD,DD,DD,DD,DD,DD,DD,DD,DD,DD,DD,DD,DD,DD,DD,DD,DD,DD,DD,DD,DD,DD,DD,DD,DD,DD,DD,DD,DD,DD,DD,DD,DD,DD,DD,DD,DD,DD,DD,DD,DD,DD,DD,DD,DD,DD,DD,DD,DD,DD,DD,DD,DD,DD,DD,DD,DD,DD,DD,DD,DD,DD,DD,DD,DD,DD,DD,0,0,0,0,0,0,0,1,0,0,0,396.99,0,0,0,0,0,0,0,0,0,0,0,0,0,0,0,0,0,0,0,0,0,0,0,0,0,0,0,0,0,0,0,0,0,0,0,0,0,0,0,0,1,0,0,0,1,0,0,0,0,1,0,1,0,1,0,1,0,0,0,0,0,0,1
Lyciasalamandra luschani,1,DD,DD,2,2,62.83,61.34,62.08,126,129,118.65,0,0,1,DD,DD,DD,DD,DD,22.19,DD,DD,DD,0,1,0,0,0,0,0,1,0,0,1,0,0,0,1,0.79,DD,DD,DD,DD,3,DD,DD,2,0,0,0,0,0,DD,2,70,2,0,0,0,0,0,0,0,0,0,0,0,1,DD,0,0,0,0,0,DD,0,1,0,0,0,0,1,1,1,0,0,0,DD,0,0,0,0,1,1,0,1,1,DD,DD,DD,DD,1,DD,DD,1,0,0,0,0,0,DD,DD,DD,DD,DD,DD,DD,DD,DD,DD,DD,0,0,0,0,0,0,0,0,0,0,0,0,0,0,0,0,0,0,0,0,0,0,0,0,0,0,1,1,0,0,0,0,0,0,0,0,0,0,0,0,0,0,0,0,0,0,0,0,1,0,0,0,0,0,0,0,1000,0,0,0,0,0,0,0,1,0,0,0,730.98,0,0,0,0,0,0,0,0,0,0,0,0,0,0,0,0,0,0,0,0,0,0,0,0,0,0,0,0,0,0,0,0,0,0,0,0,0,0,0,0,1,0,0,0,1,0,0,0,0,1,0,1,0,1,0,1,0,0,0,0,0,1,0
Mesotriton alpestris,1,2.36,3.57,2.96,DD,45.59,53.84,49.72,92,120,95.06,0,1,0,DD,DD,DD,DD,DD,17,DD,DD,DD,0,1,0,0,0,0,0,1,0,0,1,0,0,0,1,0.7,0.72,DD,3,4.1,3,0,1,0,0,0,1,0,0,47.86,260,1.5,0,1,0,0,0,1,0,0,1,0,0,0,1,0,0,0,0,0,0,1,1,1,1,0,0,0,1,1,1,1,0,0,DD,1,0,0,0,1,1,0,1,1,DD,DD,DD,DD,1,1,1,0,0,0,0,1,1,1,1,0,DD,1500,DD,1,0,200,1000,105,0,0,0,0,0,0,0,0,0,0,0,0,0,0,0,0,0,0,0,0,0,0,0,0,0,0,0,0,0,1,0,0,0,0,0,0,0,0,0,0,0,0,0,0,0,0,0,0,0,0,0,0,0,0,0,0,2500,1,0,0,1,0,0,1,1,0,1,0,1642680.84,0,0,0,0,0,0,0,0,0,0,0,0,0,0,0,0,0,0,0,0,0,0,0,0,0,0,0,0,0,0,0,0,0,0,0,0,0,0,1,0,0,0,1,0,0,0,0,0,1,0,0,1,1,1,0,1,1,1,1,0,0,1,0
Pelobates cultripes,1,33.11,40.04,21.6,DD,65.9,70.18,68.04,70,80,68.04,1,0,0,DD,DD,DD,89.3,88,88.65,24.6,24.3,24.5,1,0,0,0,1,1,0,1,0,1 (5mm),1,0,0,1,0,DD,DD,DD,DD,DD,3,DD,DD,0,0,0,0,0,1,30.45,2500,2,DD,1,0,0,1,1,1,0,1,1,0,0,1,0,0,0,0,0,0,DD,0,0,1,1,1,1,1,1,1,0,0,0,DD,0,0,0,0,1,1,1,0,0,DD,DD,DD,DD,DD,DD,DD,1,1,1,0,1,0,0,1,0,DD,DD,DD,DD,DD,DD,DD,DD,0,0,0,0,0,0,0,0,0,0,0,0,0,0,1,0,0,0,0,0,0,0,1,0,0,0,0,0,0,1,0,0,0,1,0,0,0,0,0,0,0,0,0,0,0,0,0,0,0,0,0,0,0,0,1,0,1800,0,0,0,1,0,0,0,1,0,0,0,518773.06,0,0,0,0,0,0,0,0,0,0,0,0,0,0,0,0,0,0,0,0,0,0,0,0,0,0,0,0,0,0,0,0,0,0,0,0,0,0,0,1,0,0,0,1,0,0,0,0,1,0,0,1,1,0,1,0,1,1,1,0,0,1,0
Pelobates fuscus,1,13.2,29.4,21.3,DD,48.91,57.13,53.02,45.87,53.89,53.02,1,0,0,DD,DD,DD,74,82,78,20,23,21.5,1,0,0,0,1,1,0,1,0,1 (6mm),1,0,0,1,0,0.34,0.42,DD,DD,DD,1.5,1,1,0,0,0,0,0,1,40,2500,2,DD,0,0,0,1,1,1,0,1,1,0,0,1,0,0,0,0,0,0,1,0,0,0,0,1,0,1,1,1,0,0,0,DD,0,0,0,0,1,1,1,0,0,0,0,0,DD,0,1,0,1,1,1,0,1,0,0,1,0,DD,DD,DD,0,1,17.9,500,0.2,0,0,0,0,0,0,0,0,0,0,0,0,0,0,0,0,0,0,0,0,0,0,1,0,0,0,0,0,0,1,0,0,0,0,0,0,0,0,0,0,0,0,0,0,0,0,0,0,1,0,0,1,0,0,1,0,675,0,0,0,1,1,1,1,0,0,1,1,5775803.78,0,0,0,1,0,0,0,0,0,0,0,0,0,0,0,0,0,0,0,0,0,0,0,0,0,0,0,0,0,0,0,0,0,0,0,0,0,0,1,0,0,0,1,0,0,0,0,0,1,0,0,1,1,1,1,1,1,1,0,0,0,1,0
Pelobates syriacus,1,DD,DD,DD,DD,DD,DD,90,DD,DD,90,1,0,0,DD,DD,DD,DD,DD,DD,DD,DD,DD,1,0,0,0,1,1,0,1,0,1,1,0,0,0,1,DD,DD,DD,2,3,2,DD,DD,0,0,0,0,0,1,25,4000,1.7,DD,1,0,0,1,1,1,0,1,1,0,0,1,0,0,0,0,0,0,DD,0,0,0,0,1,1,1,1,1,0,0,0,DD,0,0,0,0,1,1,1,0,0,DD,DD,DD,DD,DD,DD,DD,1,1,1,0,1,0,DD,DD,DD,DD,DD,DD,DD,DD,DD,DD,DD,0,0,0,0,0,0,0,0,0,0,0,0,0,0,0,0,0,0,0,0,0,0,0,0,0,0,0,0,0,1,0,0,0,1,0,0,0,0,0,0,0,0,0,0,0,0,0,0,0,0,0,0,0,0,0,0,500,0,1,0,0,1,0,1,1,0,0,0,533761.48,0,1,0,0,0,0,0,0,0,0,0,0,0,0,0,0,0,0,0,0,0,0,0,0,0,0,0,0,0,0,0,0,0,0,0,0,0,0,1,0,0,0,1,0,0,0,0,0,1,0,0,1,0,0,0,0,0,0,1,0,0,1,0
Pelodytes ibericus,DD,3.56,4.87,3.98,DD,35.17,40.72,37.95,DD,DD,37.95,1,0,0,DD,DD,DD,DD,DD,55.85,DD,DD,14.84,1,0,0,0,1,1,0,1,0,1,DD,DD,0,0,1,DD,DD,DD,DD,DD,1,DD,DD,DD,DD,DD,0,1,0,20,350,1.45,0.98,DD,0,0,1,1,1,0,1,1,0,0,1,DD,0,0,0,0,0,DD,0,0,0,0,1,1,1,1,1,0,0,0,DD,1,0,0,0,1,1,1,0,0,DD,DD,DD,DD,DD,DD,DD,1,1,1,0,0,0,DD,DD,DD,DD,DD,DD,DD,DD,DD,DD,DD,0,0,0,0,0,0,0,0,0,0,0,0,0,0,0,0,0,0,0,0,0,0,0,0,0,0,0,0,0,1,0,0,0,1,0,0,0,0,0,0,0,0,0,0,0,0,0,0,0,0,0,0,0,0,0,0,900,0,0,0,0,0,0,0,1,0,0,0,105069.28,0,0,0,0,0,0,0,0,0,0,0,0,0,0,0,0,0,0,0,0,0,0,0,0,0,0,0,0,0,0,0,0,0,0,0,0,0,0,0,1,0,0,1,0,0,0,0,0,0,1,0,1,1,0,0,0,0,0,0,0,0,1,0
Pelodytes punctatus,1,DD,DD,3.03,0.4,36.67,43.31,45.88,36.32,43.31,45.88,1,0,0,DD,DD,41.43,DD,DD,63.67,16,18,17.67,1,0,0,0,1,1,0,1,0,1,1,0,0,1,0,DD,DD,0.61,DD,DD,1,DD,DD,0,0,0,0,0,1,20,1500,2,DD,1,0,0,1,1,1,0,1,1,0,0,1,0,0,0,0,0,0,DD,0,1,0,0,1,0,1,1,1,0,0,0,DD,0,0,0,0,1,1,1,0,0,DD,DD,DD,DD,DD,DD,DD,0,1,0,1,1,0,DD,DD,DD,DD,DD,DD,DD,DD,DD,DD,DD,0,0,0,0,0,0,0,0,0,0,0,0,0,0,0,0,0,0,0,0,0,0,1,0,0,0,1,0,0,1,0,0,0,0,0,0,0,0,0,0,0,0,1,0,0,0,0,0,1,0,0,0,1,0,0,0,1500,0,0,0,1,0,0,1,1,0,0,0,850488.94,0,0,0,0,0,0,0,0,0,0,0,0,0,0,0,0,0,0,0,0,0,0,0,0,0,0,0,0,0,0,0,0,0,0,0,0,0,0,1,0,0,0,1,0,0,0,0,0,1,0,0,1,1,0,0,0,0,0,1,0,0,1,0
Pelophylax bedriagae,1,DD,DD,DD,DD,58.8,61.7,60.25,DD,DD,60.25,1,0,0,28.6,29.9,29.25,DD,DD,DD,26.4,27.8,27.1,1,0,0,0,1,1,0,1,0,DD,DD,DD,1,0,0,DD,DD,DD,2,3,2,DD,DD,DD,DD,DD,0,1,0,DD,10000,DD,DD,DD,0,0,1,1,1,0,1,1,0,0,0,DD,0,0,0,0,0,DD,DD,DD,DD,DD,DD,DD,1,1,1,1,0,0,DD,0,0,0,0,1,1,1,0,0,DD,DD,DD,DD,DD,DD,DD,DD,DD,DD,DD,DD,DD,DD,DD,DD,DD,DD,DD,DD,DD,DD,DD,DD,0,0,0,0,0,0,0,0,0,0,0,0,0,0,0,0,0,0,0,0,0,0,0,0,0,0,0,0,0,1,0,0,0,0,0,0,0,0,0,0,0,0,0,0,0,0,0,0,0,0,0,0,0,0,0,DD,DD,0,0,0,0,0,0,0,1,0,0,0,286870.4,0,1,0,0,0,0,0,0,0,0,0,0,0,1,0,0,0,0,0,0,0,0,0,0,0,0,0,0,0,0,0,0,0,0,0,0,0,0,1,0,0,0,1,0,0,0,0,0,1,0,0,1,0,1,0,1,1,1,0,0,0,1,0
Pelophylax bergeri,1,DD,DD,DD,DD,50,57.5,53.75,DD,DD,53.75,1,0,0,DD,DD,DD,DD,DD,DD,DD,DD,DD,1,0,0,0,1,1,0,1,0,1,1,0,0,1,0,DD,DD,DD,DD,DD,DD,DD,DD,DD,DD,DD,0,1,0,25,3000,7,DD,DD,0,0,0,1,1,0,1,1,0,0,DD,0,0,0,0,0,0,DD,0,1,0,0,0,0,1,1,1,0,0,0,DD,0,0,0,0,1,1,1,0,0,DD,DD,DD,DD,DD,DD,DD,DD,DD,DD,DD,1,DD,DD,DD,DD,DD,DD,DD,DD,DD,DD,DD,DD,0,0,0,0,0,0,0,0,0,0,0,0,0,0,0,0,0,0,0,0,0,0,0,0,0,0,1,0,0,1,0,0,1,0,0,0,0,0,0,0,0,0,0,0,0,0,0,0,0,0,0,0,0,0,0,DD,DD,1,0,0,0,0,0,1,1,0,0,0,189930.77,0,0,0,0,0,0,0,0,0,0,0,0,0,0,0,0,0,0,0,0,0,0,0,0,0,0,0,0,0,0,0,0,0,0,0,0,0,0,0,1,0,0,1,0,0,0,0,0,1,0,0,1,0,1,0,1,0,0,0,0,1,1,0
Pelophylax cerigensis,DD,DD,DD,DD,DD,DD,DD,62.25,DD,DD,62.25,1,0,0,DD,DD,DD,DD,DD,DD,DD,DD,29.46,1,0,0,0,1,1,0,1,0,1,DD,DD,DD,DD,DD,DD,DD,DD,DD,DD,DD,DD,DD,DD,DD,DD,0,1,0,DD,15000,DD,DD,DD,0,0,0,1,1,0,1,1,0,0,DD,DD,0,0,0,0,0,DD,DD,DD,DD,DD,DD,DD,DD,DD,DD,DD,DD,DD,DD,0,0,0,0,1,1,1,0,0,DD,DD,DD,DD,DD,DD,DD,DD,DD,DD,DD,DD,DD,DD,DD,DD,DD,DD,DD,DD,DD,DD,DD,DD,0,0,0,0,0,0,0,0,0,0,0,0,0,0,0,0,0,0,0,0,0,0,0,0,0,0,0,0,0,1,0,0,0,0,0,0,0,0,0,0,0,0,0,0,0,0,0,0,0,0,0,0,0,0,0,DD,DD,0,0,0,0,0,0,0,1,0,0,0,1004.36,0,0,0,0,0,0,0,0,0,0,0,0,0,0,0,0,0,0,0,0,0,0,0,0,0,0,0,0,0,0,0,0,0,0,0,0,0,0,0,0,1,0,0,0,0,0,1,0,1,0,0,1,0,0,0,0,1,1,1,0,0,1,0
Pelophylax cretensis,DD,DD,DD,DD,DD,DD,DD,72.3,DD,DD,72.3,1,0,0,DD,DD,DD,DD,DD,DD,DD,DD,32.79,1,0,0,0,1,1,0,1,0,1,DD,DD,DD,DD,DD,DD,DD,DD,DD,DD,DD,DD,DD,DD,DD,DD,0,1,0,DD,15000,DD,DD,DD,0,0,0,1,1,0,1,1,0,0,DD,DD,0,0,0,0,0,DD,DD,DD,DD,DD,DD,DD,DD,DD,DD,DD,DD,DD,DD,0,0,0,0,1,1,1,0,0,DD,DD,DD,DD,DD,DD,DD,DD,DD,DD,DD,DD,DD,DD,DD,DD,DD,DD,DD,DD,DD,DD,DD,DD,0,0,0,0,0,0,0,0,0,0,0,0,0,0,0,0,0,0,0,0,0,0,0,0,0,0,0,0,0,1,0,0,0,0,0,0,0,0,0,0,0,0,0,0,0,0,0,0,0,0,0,0,0,0,0,DD,DD,0,0,0,0,0,0,0,1,0,0,0,2512.76,0,0,0,0,0,0,0,0,0,0,0,0,0,0,0,0,0,0,0,0,0,0,0,0,0,0,0,0,0,0,0,0,0,0,0,0,0,0,0,0,1,0,0,0,0,1,0,0,1,0,0,1,1,0,0,0,0,0,0,0,0,1,0
Pelophylax epeiroticus,1,38.57,59.02,48.8,DD,72.42,83.98,78.2,74.4,83,78.2,1,0,0,DD,DD,DD,DD,DD,DD,DD,DD,DD,1,0,0,0,1,1,0,1,0,1,1,DD,DD,DD,DD,DD,DD,DD,DD,DD,1,DD,DD,DD,DD,DD,0,1,0,DD,2575,1.46,DD,DD,0,0,0,1,1,0,1,1,0,0,DD,DD,0,0,0,0,0,DD,DD,DD,DD,DD,DD,DD,DD,DD,DD,DD,DD,DD,DD,0,0,0,0,1,1,1,0,0,1,0,0,DD,DD,DD,DD,1,1,DD,DD,DD,DD,DD,DD,DD,DD,DD,DD,DD,DD,DD,DD,DD,0,0,0,0,0,0,0,0,0,0,0,0,0,0,0,0,0,0,0,0,0,0,1,0,0,0,1,0,0,1,1,0,0,0,0,0,0,0,0,0,0,0,0,0,0,0,0,0,0,0,0,0,0,0,0,0,480,0,0,0,0,0,0,0,1,0,0,0,11224.31,0,0,0,0,0,0,0,0,0,0,0,0,0,0,0,0,0,0,0,0,0,0,0,0,0,0,0,0,0,0,0,0,0,0,0,0,0,0,0,0,1,0,0,0,1,0,0,0,1,0,0,1,0,1,0,1,1,1,0,0,0,1,0
Pelophylax esculentus,1,DD,DD,36.9,1.3,79.71,97.88,88.79,DD,DD,88.79,1,0,0,40.25,50.25,5.38,125.5,159.5,142.75,39,50,44.5,1,0,0,0,1,1,0,1,0,1 (4.44 mm),1,0,0,1,0,0.62,DD,DD,DD,DD,3,0,1,0,0,0,0,1,0,27.33,10000,2.5,DD,1,0,0,0,1,1,0,1,1,0,0,0,0,0,0,0,0,0,1,0,0,0,0,1,1,1,1,1,0,0,0,0.09,0,0,0,0,1,1,1,0,0,1,0,0,DD,1,1,0,0,0,0,0,1,0,1,1,0,DD,78,330,0,1,DD,15000,DD,0,0,0,0,0,0,0,0,0,0,0,0,0,0,0,0,0,0,0,0,0,0,0,0,0,0,1,0,0,1,1,0,0,0,0,0,0,0,0,0,0,0,0,0,0,0,0,0,0,0,0,0,0,0,0,0,1550,1,0,0,1,1,1,1,1,0,1,1,3612739.16,0,0,0,1,0,0,0,0,0,0,0,0,0,0,0,0,0,0,0,0,0,0,0,0,0,0,0,0,0,0,0,0,0,0,0,0,0,0,1,0,0,0,1,0,0,0,0,0,1,0,0,1,0,1,0,1,1,1,0,0,1,0,0
Pelophylax grafi,1,DD,DD,DD,DD,DD,DD,92.5,DD,DD,92.5,1,0,0,DD,DD,DD,DD,DD,DD,DD,DD,DD,1,0,0,0,1,1,0,1,0,1,1,0,0,0,1,DD,DD,DD,DD,DD,DD,DD,DD,DD,DD,DD,0,1,0,DD,10000,DD,DD,DD,0,0,1,1,1,0,1,1,0,0,0,0,0,0,0,0,0,DD,0,1,0,0,0,0,0,1,0,0,0,0,DD,0,0,0,0,1,1,1,0,0,DD,DD,DD,DD,DD,DD,DD,DD,DD,DD,DD,DD,DD,DD,DD,DD,DD,DD,DD,DD,DD,DD,DD,DD,0,0,0,0,0,0,0,0,0,0,0,0,0,0,0,0,0,0,0,0,0,0,0,0,0,0,1,1,0,1,1,1,1,1,0,0,0,0,1,1,1,0,0,0,0,0,0,0,0,0,0,0,0,0,0,DD,DD,0,0,0,1,0,0,0,1,0,0,0,99972.47,0,0,0,0,0,0,0,0,0,0,0,0,0,0,0,0,0,0,0,0,0,0,0,0,0,0,0,0,0,0,0,0,0,0,0,0,0,0,0,1,0,0,0,1,0,0,0,0,1,0,0,1,1,0,0,0,1,1,0,0,0,1,0
Pelophylax hispanicus,1,DD,DD,DD,DD,DD,DD,100,DD,DD,100,1,0,0,DD,DD,DD,DD,DD,DD,DD,DD,DD,1,0,0,0,1,1,0,1,0,1,1,DD,DD,DD,DD,DD,DD,DD,DD,DD,DD,DD,DD,DD,DD,DD,0,1,0,DD,10000,DD,DD,DD,0,0,1,1,1,0,1,1,0,0,0,DD,0,0,0,0,0,DD,DD,DD,DD,DD,DD,DD,DD,DD,DD,DD,DD,DD,DD,0,0,0,0,1,1,1,0,0,DD,DD,DD,DD,1,DD,DD,DD,DD,DD,DD,DD,DD,DD,DD,DD,DD,DD,DD,DD,DD,DD,DD,DD,DD,DD,DD,DD,DD,DD,DD,DD,DD,DD,DD,DD,DD,DD,DD,DD,DD,DD,DD,DD,DD,DD,DD,DD,DD,DD,DD,DD,DD,DD,DD,DD,DD,DD,DD,DD,DD,DD,DD,DD,DD,DD,DD,DD,DD,DD,DD,DD,DD,DD,DD,DD,DD,DD,DD,DD,DD,1,0,0,0,0,0,1,1,0,0,0,179128.18,0,0,0,0,0,0,0,0,0,0,0,0,0,0,0,0,0,0,0,0,0,0,0,0,0,0,0,0,0,0,0,0,0,0,0,0,0,0,0,1,0,0,1,0,0,0,0,0,0,1,0,1,1,1,0,1,0,0,0,0,1,1,0
Pelophylax kurtmuelleri,1,DD,DD,DD,DD,DD,DD,100,DD,DD,100,1,0,0,DD,DD,DD,DD,DD,DD,DD,DD,DD,1,0,0,0,1,1,0,1,0,1,DD,DD,DD,DD,DD,DD,DD,DD,2,3,2,DD,DD,DD,DD,DD,0,1,0,DD,10000,DD,DD,DD,0,0,1,1,1,0,1,1,0,0,0,DD,0,0,0,0,0,DD,DD,DD,DD,DD,DD,DD,DD,DD,DD,DD,DD,DD,DD,0,0,0,0,1,1,1,0,0,DD,DD,DD,DD,DD,DD,DD,DD,DD,DD,DD,DD,DD,DD,DD,DD,DD,DD,DD,DD,DD,DD,DD,DD,0,0,0,0,0,0,0,0,0,0,0,0,0,0,0,0,0,0,0,0,0,0,0,0,0,0,0,0,0,1,0,0,0,0,0,0,0,0,0,0,0,0,0,0,0,0,0,0,0,0,0,0,0,0,0,0,1000,0,0,0,0,0,0,0,1,0,0,0,142798.11,0,0,0,0,0,0,0,0,0,0,0,0,0,0,0,0,0,0,0,0,0,0,0,0,0,0,0,0,0,0,0,0,0,0,0,0,0,0,0,0,1,0,1,0,0,0,0,0,0,1,0,1,1,1,0,1,1,1,0,0,0,1,0
Pelophylax lessonae,1,17.05,19.93,30.8,1.34,54.45,60.25,57.35,DD,DD,57.35,1,0,0,29.67,33.75,31.71,85.33,96.25,90.79,24,27.5,27.07,1,0,0,0,1,1,0,1,0,1 (4.125 mm),1,0,0,0,1,0.78,DD,DD,DD,DD,3,1,1,0,0,0,0,1,0,25,4000,2,DD,1,0,0,1,1,1,0,1,1,0,0,0,0,0,0,0,0,0,1,0,1,0,0,1,1,1,1,1,0,0,0,DD,0,0,0,0,1,1,1,0,0,1,0,0,DD,1,1,0,0,0,0,0,1,0,0,1,0,270,78,330,1,0,DD,15000,DD,0,0,0,0,0,0,0,0,0,0,0,0,0,0,0,0,0,0,0,0,0,0,0,0,0,0,0,0,0,1,1,0,0,0,0,0,0,0,0,0,0,0,0,0,0,0,0,0,0,0,0,0,0,0,0,0,1550,0,0,1,1,1,1,1,1,0,1,1,4268477.55,0,0,0,1,0,0,0,0,0,0,0,0,0,0,0,0,0,0,0,0,0,0,0,0,0,0,0,0,0,0,0,0,0,0,0,0,0,0,1,0,0,0,1,0,0,0,0,0,1,0,0,1,1,1,0,1,1,1,0,0,1,1,0
Pelophylax perezi,1,DD,DD,21.56,DD,50.33,61.6,55.96,52,65.6,55.96,1,0,0,DD,DD,DD,DD,DD,DD,DD,DD,DD,1,0,0,0,1,1,0,1,0,1,1,0,0,0,1,DD,DD,DD,2,3,2,DD,DD,0,0,0,0,1,0,27.3,10000,2,DD,DD,0,0,1,1,1,0,1,1,0,0,0,0,0,0,0,0,0,DD,0,0,0,0,1,1,1,1,1,0,0,0,DD,0,0,0,0,1,1,1,0,0,DD,DD,DD,DD,DD,DD,DD,DD,DD,DD,DD,DD,DD,1,1,0,DD,DD,DD,0,1,DD,DD,DD,0,0,0,0,0,0,0,0,0,0,0,0,0,0,0,0,0,0,0,0,0,0,0,0,0,0,1,1,0,1,1,1,1,1,0,0,0,0,1,1,1,0,0,0,0,0,0,0,0,0,0,0,0,0,0,0,2380,0,0,0,1,0,0,0,1,1,0,0,692502.29,0,0,0,0,0,0,0,0,0,0,0,0,0,0,0,0,0,0,0,0,0,0,0,0,0,0,0,0,0,0,0,0,0,0,0,0,0,0,0,1,0,0,1,0,0,0,0,0,0,1,0,1,1,1,0,1,1,1,0,0,1,1,0
Pelophylax ridibundus,1,29.44,41.61,35.53,DD,72.24,87.88,80.06,DD,DD,80.06,1,0,0,29.67,33.75,DD,85.3,96.25,142.75,24,27.5,42.53,1,0,0,0,1,1,0,1,0,1 (4.36 mm),1,0,0,0,1,0.7,DD,DD,2,3,2,0,1,0,0,0,0,1,0,23.13,16000,2,0.01,1,0,0,1,1,1,0,1,1,0,0,0,0,0,0,0,0,0,1,0,0,0,0,1,1,1,1,1,1,0,0,0.18,0,0,0,0,1,1,1,0,0,1,0,0,4.25,1,1,0,0,1,0,0,0,0,0,1,0,DD,78,78,1,0,DD,DD,DD,0,0,0,0,0,0,0,0,0,0,0,0,0,0,0,0,0,0,0,0,0,0,0,0,0,0,1,0,0,1,1,0,0,0,0,0,0,0,0,0,0,0,0,0,0,0,0,0,0,0,0,0,0,0,0,0,2000,1,1,0,1,1,1,1,1,0,1,1,10963258.9,0,0,0,1,0,0,0,0,0,0,0,0,0,0,0,0,0,0,0,0,0,0,0,0,0,0,0,0,0,0,0,0,0,0,0,0,0,0,1,0,0,0,1,0,0,0,0,0,0,0,1,1,0,1,0,1,1,1,0,0,0,1,0
Pelophylax shqipericus,1,DD,DD,DD,DD,70.6,73.8,72.2,70.6,73.8,72.2,1,0,0,DD,DD,DD,DD,DD,DD,DD,DD,DD,1,0,0,0,DD,DD,DD,1,0,1,1,DD,DD,DD,DD,DD,DD,DD,DD,DD,DD,DD,DD,DD,DD,DD,DD,DD,DD,DD,3000,DD,DD,DD,0,0,1,1,1,0,1,1,0,0,DD,DD,DD,DD,DD,DD,DD,DD,DD,DD,DD,DD,DD,DD,DD,DD,DD,DD,DD,DD,DD,DD,DD,DD,DD,DD,1,1,0,0,DD,DD,DD,DD,DD,DD,DD,DD,DD,DD,DD,DD,DD,DD,DD,DD,DD,DD,DD,DD,DD,DD,DD,DD,0,0,0,0,0,0,0,0,0,0,0,0,0,0,0,0,0,0,0,0,0,0,1,0,0,0,0,0,0,1,1,0,0,0,0,0,0,0,0,0,0,0,0,0,0,0,0,0,0,0,0,0,0,0,0,0,500,0,0,0,0,0,0,0,1,0,0,0,4976.9,0,0,0,0,0,0,0,0,0,0,0,0,0,0,0,0,0,0,0,0,0,0,0,0,0,0,0,0,0,0,0,0,0,0,0,0,0,0,0,0,1,0,0,0,0,1,0,0,1,0,0,1,1,1,0,1,1,1,0,0,0,1,0
Pleurodeles waltl,1,25.8,24.6,25.2,DD,87.4,82.25,84.83,78.22,142,218.3,0,0,1,DD,DD,DD,40,DD,33.5,DD,DD,DD,0,1,0,0,0,0,0,1,0,0,0,0,0,1,0,DD,DD,DD,DD,DD,1.5,DD,DD,0,0,0,0,1,0,49.38,1400,2,DD,DD,0,0,0,1,1,0,1,1,0,0,0,0,0,0,0,0,0,DD,1,1,1,0,0,0,1,1,1,0,0,0,DD,1,0,0,0,0,1,0,1,0,DD,DD,DD,DD,DD,DD,0,0,0,0,0,1,0,DD,DD,DD,DD,200,DD,DD,DD,DD,DD,DD,0,0,0,0,1,0,0,0,0,0,0,0,0,0,0,0,0,0,0,0,0,0,0,0,0,0,1,0,0,1,0,0,0,0,0,0,0,0,0,0,0,0,0,0,0,0,0,0,1,0,0,0,0,0,0,0,1500,0,0,0,0,0,0,0,1,0,0,0,391985.73,0,0,0,0,0,0,0,0,0,0,0,0,0,0,1,0,0,0,0,0,0,0,0,0,0,0,0,0,0,0,0,0,0,0,0,0,0,0,0,1,0,0,0,1,0,0,0,0,1,0,0,1,1,0,1,0,1,1,0,0,0,1,0
Proteus anguinus,1,DD,DD,13.2,3.65,DD,DD,169.9,DD,DD,257,0,0,1,DD,DD,DD,DD,DD,17.6,DD,DD,DD,0,1,0,0,0,0,0,0,1,0,0,0,0,0,1,DD,DD,DD,11,15,7,DD,DD,0,0,0,1,0,0,38,70,5,0,0,1,0,0,0,0,0,0,0,0,0,0,1,0,0,1,1,0,DD,0,1,0,1,0,0,1,1,1,0,0,0,DD,0,0,0,0,1,1,0,1,1,1,0,0,DD,1,DD,0,0,0,0,0,1,0,DD,DD,DD,DD,DD,DD,DD,DD,DD,DD,DD,0,0,0,0,0,0,0,0,0,0,0,0,0,0,0,0,0,0,0,0,0,0,0,0,0,0,0,0,0,0,0,0,0,0,0,0,0,0,0,0,0,0,0,1,1,0,0,0,0,0,0,0,0,0,0,DD,DD,1,0,0,0,0,0,0,1,0,0,0,40145.87,0,0,0,0,0,0,0,0,0,0,0,0,0,0,0,0,0,0,0,0,0,0,0,0,0,0,0,0,0,0,0,0,0,0,0,0,0,0,0,1,0,0,0,0,1,0,0,0,1,0,0,1,0,1,0,1,1,1,0,0,0,1,0
Pseudepidalea viridis,1,33,40.73,33.18,DD,69.95,78.77,74.36,DD,DD,74.36,1,0,0,31.14,31.56,30.53,93.75,91.75,92.75,24.98,24.55,24.46,1,0,0,0,1,1,0,1,0,1,1,0,0,0,1,DD,DD,DD,DD,DD,3,0,1,0,0,0,0,0,1,18.5,15000,1.6,0.57,0,0,0,0,1,1,0,1,1,0,0,1,0,0,0,0,0,0,1,0,0,0,0,1,1,1,1,1,1,0,0,0.14,1,0,0,0,1,1,1,0,0,1,0,0,DD,1,1,DD,0,1,0,1,0,0,1,1,0,DD,DD,DD,0,1,DD,10000,DD,0,0,0,0,0,0,0,0,0,0,0,0,0,0,0,0,0,0,0,0,0,0,1,0,0,0,0,0,0,1,0,0,0,1,0,0,0,0,0,0,0,0,0,0,0,0,0,0,1,0,0,1,1,0,1,0,4500,1,0,0,0,1,1,1,1,0,1,1,11678963.58,0,0,0,1,0,0,0,0,0,0,0,0,0,0,0,0,0,0,0,0,0,0,0,0,0,0,0,0,0,0,0,0,0,0,0,0,0,0,1,0,0,0,1,0,0,0,0,0,1,0,0,1,0,0,1,0,1,1,0,0,0,1,0
Rana arvalis,1,DD,DD,10.8,3.16,57.89,56.48,NA,DD,DD,57.19,1,0,0,37.25,33.5,34.13,111.25,91,101.13,34,27.75,30.88,1,0,0,0,1,1,0,1,0,1 (3.625 mm),1,0,0,0,1,DD,DD,DD,DD,DD,3,1,1,0,0,0,0,1,0,16.25,3000,2.5,DD,DD,0,0,0,0,1,0,0,1,0,0,1,0,0,0,0,0,0,1,0,0,0,0,1,0,1,1,1,0,0,0,0.14,0,0,0,0,1,1,1,0,1,DD,DD,DD,100,1,1,0,0,1,0,0,0,0,1,1,0,DD,DD,DD,1,0,8.5,1001,436,0,0,0,0,1,0,0,0,0,0,0,0,0,0,0,0,0,0,0,0,0,0,1,0,0,0,1,0,0,1,1,0,0,0,0,0,0,0,0,0,0,0,0,0,0,0,0,0,1,1,0,0,0,0,0,0,800,0,0,0,1,0,1,1,0,0,1,1,14823366.52,0,0,0,0,1,0,0,0,0,0,0,0,0,0,0,0,0,0,0,0,0,0,0,0,0,0,0,0,0,0,0,0,0,0,0,0,0,0,1,0,0,0,1,0,0,0,0,0,0,1,0,1,1,0,0,0,1,1,0,0,0,1,0
Rana dalmatina,1,10.08,31.9,20.99,0.43,49.17,64.57,56.87,55.65,64.9,56.87,1,0,0,31.75,38.5,35.13,101.25,125.25,113.25,33.25,42,37.63,1,0,0,0,1,1,0,1,0,1 (3 mm),1,0,0,0,1,DD,DD,DD,DD,DD,3,1,0,0,0,0,0,1,0,19,1800,2,0.01,1,0,0,0,0,0,1,0,0,1,0,1,0,0,0,0,0,0,0,0,0,0,0,1,0,1,1,1,0,0,0,DD,0,0,0,0,1,1,1,0,0,1,0,0,90,0,1,0,0,1,0,0,1,0,0,1,0,DD,DD,DD,1,0,194.2,1700,26,0,0,0,0,1,0,0,0,0,0,0,0,0,0,1,0,0,0,0,0,0,0,1,0,0,0,0,0,0,1,0,0,0,0,0,0,0,0,0,0,0,0,0,0,0,0,0,0,0,0,0,0,0,0,0,0,1720,1,0,0,1,1,0,1,1,0,1,1,2119626.51,0,1,0,0,0,0,0,0,0,0,0,0,0,0,0,0,0,0,0,0,0,0,0,0,0,0,0,0,0,0,0,0,0,0,0,0,0,0,1,0,0,0,1,0,0,0,0,0,1,0,0,1,0,0,1,0,1,1,0,0,0,1,0
Rana graeca,1,DD,DD,DD,DD,51.75,58,54.88,DD,DD,54.88,1,0,0,29.5,29.5,29.5,98.5,99,98.75,33,29.5,32.25,1,0,0,0,1,1,0,1,0,1 (2.92 mm),0,DD,0,0,1,DD,DD,DD,DD,DD,3,DD,DD,0,0,0,0,1,0,DD,800,3.5,DD,DD,0,0,0,1,0,0,1,0,0,0,1,1,0,0,1,1,0,DD,0,0,0,0,1,0,1,1,1,0,0,0,DD,0,0,0,0,1,1,1,0,0,DD,DD,DD,DD,0,DD,DD,0,1,0,0,1,0,DD,DD,DD,DD,6,DD,DD,DD,115.6,520,25,0,0,0,0,1,0,0,0,0,0,0,0,0,0,0,0,0,0,0,0,0,0,0,0,0,0,1,0,0,1,0,0,0,0,0,0,0,0,0,0,0,0,0,0,1,0,0,0,0,0,0,0,0,0,0,70,1960,1,0,0,0,0,0,1,1,0,0,0,252799.26,0,0,0,0,0,0,0,0,0,0,0,0,0,0,0,0,0,0,0,0,0,0,0,0,0,0,0,0,0,0,0,0,0,0,0,0,0,0,0,1,0,0,1,0,0,0,0,0,0,1,0,1,0,0,0,0,1,1,1,0,0,1,0
Rana iberica,1,4.65,7.4,6.03,DD,37.71,45.09,41.4,39.13,46.14,41.4,1,0,0,25,28.5,26.75,76,92,84,24,29.5,26.75,1,0,0,0,1,1,0,1,0,1 (2.125 mm),1,DD,0,0,1,DD,DD,DD,DD,DD,DD,DD,DD,0,0,0,0,1,0,13,450,0.4,DD,DD,0,0,0,1,1,0,1,1,0,0,0,0,0,0,0,0,0,DD,0,0,0,0,1,0,1,1,1,0,0,0,DD,0,0,0,0,1,1,1,0,0,DD,DD,DD,DD,DD,DD,DD,0,1,0,0,1,0,DD,DD,DD,DD,DD,DD,DD,DD,DD,460,DD,0,0,0,0,1,0,0,0,0,0,0,0,0,0,1,0,0,0,0,0,0,0,1,0,0,0,1,0,0,1,0,0,0,0,0,0,0,0,0,0,0,0,0,0,0,0,0,0,0,0,0,0,0,0,0,0,2200,0,0,0,1,0,0,0,1,0,0,0,108833.25,0,0,0,0,0,0,0,0,0,0,0,0,0,0,0,0,0,0,0,0,0,0,0,0,0,0,0,0,0,0,0,0,0,0,0,0,0,0,0,1,0,0,0,1,0,0,0,0,1,0,0,1,1,0,0,0,1,1,1,0,0,1,0
Rana italica,1,DD,DD,DD,DD,DD,DD,60,DD,DD,60,1,0,0,DD,DD,DD,DD,DD,DD,DD,DD,DD,1,0,0,0,1,1,0,1,0,1,0,DD,0,0,1,DD,DD,DD,DD,DD,DD,DD,DD,DD,DD,DD,0,1,0,DD,2000,DD,DD,DD,0,0,0,1,0,0,1,0,0,0,DD,0,0,0,0,0,0,DD,0,0,0,0,1,0,DD,DD,DD,DD,DD,DD,DD,0,0,0,0,1,1,1,0,0,DD,DD,DD,DD,DD,DD,DD,0,1,0,0,1,0,DD,DD,DD,DD,DD,DD,DD,DD,DD,DD,DD,0,0,0,0,0,0,0,0,0,0,0,0,0,0,0,0,0,0,0,0,0,0,0,0,0,0,1,0,0,1,0,0,0,0,0,0,0,0,0,0,0,0,0,0,0,0,0,0,0,0,0,0,0,0,0,0,1700,1,0,0,0,0,0,1,1,0,0,0,116298.78,0,0,0,0,0,0,0,0,0,0,0,0,0,0,0,0,0,0,0,0,0,0,0,0,0,0,0,0,0,0,0,0,0,0,0,0,0,0,0,1,0,0,1,0,0,0,0,0,0,1,0,1,1,0,0,1,0,0,0,0,0,1,0
Rana latastei,1,DD,DD,DD,DD,42.42,45.44,43.93,DD,DD,43.93,1,0,0,30,33.67,31.83,94,107.67,100.84,32,35.3,33.67,1,0,0,0,1,1,0,1,0,1 (2.33 mm),1,0,0,0,1,DD,DD,DD,DD,DD,1,DD,DD,0,0,0,0,1,0,15,400,1.8,DD,DD,0,0,0,1,0,0,1,0,0,0,0,0,0,0,0,0,0,DD,0,0,0,0,1,0,DD,DD,DD,DD,DD,DD,DD,0,0,0,0,1,1,1,0,0,DD,DD,DD,DD,DD,DD,DD,0,1,0,0,1,0,DD,DD,DD,DD,DD,DD,1,0,DD,1000,DD,0,0,0,0,0,0,0,0,0,0,0,0,0,0,0,0,0,0,0,0,0,0,1,0,0,0,1,0,0,1,1,0,0,0,0,0,0,0,0,0,0,0,0,0,0,0,0,0,0,0,0,0,0,0,0,0,400,1,0,0,0,0,0,1,0,0,0,0,40160.15,0,0,0,0,0,0,0,0,0,0,0,0,0,0,0,0,0,0,0,0,0,0,0,0,0,0,0,0,0,0,0,0,0,0,0,0,0,0,0,1,0,0,0,0,1,0,0,0,1,0,0,1,1,0,0,0,1,1,0,0,0,1,0
Rana pyrenaica,1,DD,DD,DD,DD,38.5,43,40.75,DD,DD,40.75,1,0,0,DD,DD,DD,DD,DD,DD,DD,DD,DD,1,0,0,0,1,1,0,1,0,1,0,0,0,0,1,DD,DD,DD,DD,DD,DD,DD,DD,0,0,0,0,1,0,12,150,3.2,0.01,DD,0,0,0,0,1,0,0,1,0,0,0,0,0,0,0,0,0,DD,0,0,0,0,1,0,1,1,1,0,0,0,DD,0,0,0,0,1,1,1,0,0,DD,DD,DD,DD,DD,DD,DD,0,1,0,0,1,0,DD,DD,DD,DD,DD,DD,DD,DD,DD,DD,DD,0,0,0,0,0,0,0,0,0,0,0,0,0,0,0,0,0,0,0,0,0,0,0,0,0,0,1,0,0,1,0,0,0,0,0,0,0,0,0,0,0,0,0,0,0,0,0,0,0,0,0,0,0,0,0,800,2100,1,0,0,0,0,0,0,0,0,0,0,2343.13,0,0,0,0,0,0,0,0,0,0,0,0,0,0,0,0,0,0,0,0,0,0,0,0,0,0,0,0,0,0,0,0,0,0,0,0,0,0,0,0,1,0,0,0,0,1,0,0,1,0,0,1,1,0,0,0,1,1,0,0,0,1,0
Rana temporaria,1,38.07,46.4,42.24,0.43,69.45,70.83,70.14,67.57,72.39,70.14,1,0,0,39.5,42.75,41.13,116.25,128.25,122.25,37,40.75,38.88,1,0,0,0,1,1,0,1,0,1 (3.44 mm),0,0,0,0,1,DD,0.48,0.06,DD,DD,3,1,1,0,0,0,0,1,0,13.75,4000,3,0.01,0,0,0,0,0,1,0,0,1,0,0,1,0,0,0,0,0,0,1,0,0,0,0,1,0,1,1,1,0,0,0,0.04,0,0,0,0,1,1,1,0,1,1,0,0,119.5,0,1,1,1,1,0,0,1,0,1,1,0,DD,DD,DD,1,0,31,2214,10,0,0,0,0,1,0,0,0,0,0,0,0,0,0,0,0,0,0,0,0,0,0,1,0,0,0,1,0,0,1,0,0,0,0,0,0,0,0,0,0,0,0,0,0,0,0,0,0,1,0,0,1,1,0,0,0,3000,1,0,1,1,0,1,1,1,0,1,1,11595931.82,0,0,1,0,0,0,0,0,0,0,0,0,0,0,0,0,0,0,0,0,0,0,0,0,0,0,0,0,0,0,0,0,0,0,0,0,0,0,1,0,0,0,1,0,0,0,0,0,0,1,0,1,0,1,0,1,1,1,0,0,0,0,1
Salamandra algira,DD,DD,DD,DD,DD,DD,DD,80.2,DD,DD,188.75,0,1,0,DD,DD,DD,DD,DD,DD,DD,DD,DD,0,1,0,0,0,0,0,1,0,0,DD,DD,DD,DD,DD,DD,DD,DD,DD,DD,DD,DD,DD,DD,20,DD,0,0,0,DD,17.5,DD,DD,DD,0,0,0,0,0,0,0,0,0,0,DD,DD,DD,DD,DD,DD,DD,DD,DD,DD,DD,DD,DD,DD,DD,DD,DD,DD,DD,DD,DD,DD,DD,DD,DD,DD,1,0,1,0,DD,DD,DD,DD,DD,DD,DD,1,0,0,1,0,0,DD,DD,DD,DD,DD,DD,DD,DD,DD,DD,DD,0,0,0,0,1,0,0,0,0,0,0,0,0,0,0,0,0,0,0,0,0,0,0,0,0,0,0,0,0,0,0,0,0,0,0,0,0,0,0,0,0,0,1,0,0,0,0,0,0,0,0,0,0,0,0,0,2450,0,0,0,0,0,0,0,1,0,0,0,14718,0,0,0,0,0,0,0,0,0,0,0,0,0,1,0,0,0,0,0,0,0,0,0,0,0,0,0,0,0,0,0,0,0,0,0,0,0,0,0,0,1,0,0,0,1,0,0,0,1,0,0,1,0,1,1,1,1,1,0,0,0,1,0
Salamandra atra,1,DD,DD,8.2,DD,66.95,71.23,69.09,144,151,115.15,0,1,0,DD,DD,DD,DD,DD,23.5,DD,DD,DD,0,1,0,0,0,0,0,1,0,0,0,0,0,1,0,DD,DD,DD,DD,DD,3,1,1,0,50,2,0,0,0,47.5,11,DD,DD,0,0,0,0,0,0,0,0,0,0,0,1,DD,DD,DD,DD,DD,DD,1,0,1,0,0,0,0,DD,DD,DD,DD,DD,DD,DD,1,0,0,0,0,1,0,1,0,DD,DD,DD,DD,0,1,0,DD,DD,DD,DD,DD,DD,0,1,0,9.3,30,DD,DD,DD,DD,DD,DD,0,0,0,0,0,0,0,0,0,0,0,0,0,0,0,0,0,0,0,0,0,0,1,0,0,0,0,0,0,1,0,0,0,0,0,0,0,0,0,0,0,0,1,0,0,0,0,0,0,0,0,0,0,0,0,433,2800,1,0,0,0,0,0,1,0,0,0,0,131027.95,0,0,0,0,0,0,0,0,0,0,0,0,0,0,0,0,0,0,0,0,0,0,0,0,0,0,0,0,0,0,0,0,0,0,0,0,0,0,0,1,0,0,1,0,0,0,0,0,1,0,0,1,0,1,1,1,1,1,0,0,0,1,0
Salamandra corsica,1,DD,DD,DD,DD,DD,DD,NA,180,190,200,0,1,0,DD,DD,DD,DD,DD,DD,DD,DD,DD,0,1,0,0,0,0,0,1,0,0,0,0,0,1,0,DD,DD,DD,DD,DD,6,DD,DD,0,DD,22.5,0,0,0,55.5,22.5,DD,DD,0,0,0,0,0,0,0,0,0,0,0,0,DD,DD,DD,DD,DD,DD,DD,1,1,0,1,0,0,1,1,1,0,0,0,DD,1,0,0,1,0,1,0,1,0,DD,DD,DD,DD,DD,DD,DD,DD,DD,DD,DD,DD,DD,DD,DD,DD,DD,DD,DD,DD,DD,DD,DD,DD,0,0,0,0,1,0,0,0,0,0,0,0,0,0,0,0,0,0,0,0,0,0,0,0,0,0,0,0,0,0,0,0,0,0,0,0,0,0,0,0,0,0,1,1,0,0,0,0,0,0,0,0,0,0,0,50,1800,0,0,0,0,0,0,0,1,0,0,0,4807.6,0,0,0,0,0,0,0,0,0,0,0,0,0,0,0,0,0,0,0,0,0,0,0,0,0,0,0,0,0,0,0,0,0,0,0,0,0,0,0,0,1,0,1,0,0,0,0,0,0,1,0,1,0,0,0,0,0,0,0,0,0,1,0
Salamandra lanzai,1,11.35,13.05,12.2,4.8,82.55,83.68,83.11,DD,DD,138,0,1,0,DD,DD,DD,DD,DD,DD,DD,DD,DD,0,1,0,0,1,0,1,1,0,0,0,0,0,0,1,DD,DD,DD,5,6,5,DD,DD,0,DD,3,0,0,0,55,6,DD,DD,0,0,0,0,0,0,0,0,0,0,0,1,DD,DD,DD,DD,DD,DD,DD,1,1,0,1,0,0,1,1,1,0,0,0,DD,DD,DD,DD,DD,DD,1,0,1,0,0,0,1,49.1,DD,1,0,DD,DD,DD,DD,DD,DD,0,1,0,19.7,21,DD,DD,DD,DD,DD,DD,0,0,0,0,1,0,0,0,0,0,0,0,0,0,0,0,0,0,0,0,0,0,0,0,0,0,0,0,0,1,0,0,0,0,0,0,0,0,0,0,0,0,0,1,1,0,0,0,0,0,0,0,0,0,0,1800,2300,1,0,0,0,0,0,0,0,0,0,0,867.27,0,0,0,0,0,0,0,0,0,0,0,0,0,0,0,0,0,0,0,0,0,0,0,0,0,0,0,0,0,0,0,0,0,0,0,0,0,0,0,0,1,0,0,0,1,0,0,0,0,1,0,1,0,0,1,0,0,0,0,0,0,1,0
Salamandra salamandra,1,17.9,27.4,35.23,1.16,129.75,155.25,142.5,DD,DD,175.25,0,1,0,DD,DD,DD,DD,DD,41,DD,DD,DD,0,1,0,0,0,0,0,1,0,0,0,0,0,1,0,0.53,DD,DD,3,4,3,1,0,0,DD,70,0,0,0,63.25,54,DD,DD,0,0,0,0,0,0,0,0,0,0,0,1,1,1,1,1,1,0,1,0,1,0,1,0,0,DD,DD,DD,DD,DD,DD,0.08,0,1,0,1,0,1,0,1,1,0,0,1,61.5,0,1,0,1,0,0,0,0,0,1,1,0,DD,DD,DD,1,0,66.5,30,DD,0,0,0,0,1,0,0,0,0,0,0,0,0,0,0,0,0,0,0,0,0,0,0,0,0,0,1,0,0,1,1,0,1,0,0,0,0,0,0,0,0,0,0,0,0,0,0,0,0,0,0,0,0,0,0,0,2150,1,0,0,1,0,0,1,1,0,1,0,2549887.83,0,0,0,0,0,0,0,0,0,0,0,0,0,0,0,0,0,0,0,0,0,0,0,0,0,0,0,0,0,0,0,0,0,0,0,0,0,0,1,0,0,0,1,0,0,0,0,0,1,0,0,1,1,1,1,1,1,1,0,0,0,1,0
Salamandrina perspicillata,DD,DD,DD,DD,DD,31,40.33,35.66,DD,DD,92.95,0,1,0,DD,DD,DD,DD,DD,11.5,DD,DD,DD,0,1,0,0,0,0,0,0,1,0,DD,DD,DD,DD,DD,DD,DD,DD,DD,4,4,DD,DD,DD,DD,DD,DD,DD,DD,27.5,60,DD,DD,DD,DD,DD,DD,DD,DD,DD,DD,DD,DD,DD,DD,DD,DD,DD,DD,DD,DD,DD,DD,DD,DD,DD,DD,DD,DD,DD,DD,DD,DD,DD,DD,DD,DD,DD,DD,DD,1,0,1,0,DD,DD,DD,DD,DD,DD,DD,DD,DD,DD,DD,DD,DD,DD,DD,DD,DD,DD,DD,DD,DD,DD,500,DD,DD,DD,DD,DD,DD,DD,DD,DD,DD,DD,DD,DD,DD,DD,DD,DD,DD,DD,DD,DD,DD,DD,DD,DD,DD,DD,DD,DD,DD,DD,DD,DD,DD,DD,DD,DD,DD,DD,DD,DD,DD,DD,DD,DD,DD,DD,DD,DD,DD,DD,DD,DD,DD,DD,DD,50,1500,1,0,0,0,0,0,1,1,0,0,0,79738.19,0,0,0,0,0,0,0,0,0,0,0,0,0,0,0,0,0,0,0,0,0,0,0,0,0,0,0,0,0,0,0,0,0,0,0,0,0,0,0,1,0,0,1,0,0,0,0,0,0,1,0,1,0,0,0,0,1,1,0,0,0,1,0
Salamandrina terdigitata,1,DD,DD,DD,DD,DD,DD,33.31,90,110,94,0,1,0,DD,DD,DD,DD,DD,10.68,DD,DD,DD,0,1,0,0,0,0,0,0,1,0,0,0,0,0,1,DD,DD,DD,DD,DD,DD,DD,DD,0,0,0,0,1,0,30,60,1.5,DD,1,0,0,1,1,0,0,1,0,0,0,1,DD,DD,DD,DD,DD,DD,DD,0,1,0,0,0,0,DD,DD,DD,DD,DD,DD,DD,0,0,1,1,0,1,0,1,0,DD,DD,DD,DD,DD,DD,DD,DD,DD,DD,DD,DD,DD,DD,DD,DD,DD,DD,DD,DD,DD,DD,500,DD,0,0,0,0,1,0,0,0,0,0,0,0,0,0,0,0,0,0,0,0,0,0,0,0,0,0,1,0,0,1,0,0,0,0,0,0,0,0,0,0,0,0,1,0,0,0,0,0,0,0,0,0,0,0,0,DD,DD,0,0,0,0,0,0,0,1,0,0,0,29626.89,0,0,0,0,0,0,0,0,0,0,0,0,0,0,0,0,0,0,0,0,0,0,0,0,0,0,0,0,0,0,0,0,0,0,0,0,0,0,0,0,1,0,1,0,0,0,0,0,0,1,0,1,0,0,0,0,1,1,0,0,0,1,0
Speleomantes ambrosii,1,DD,DD,2.26,DD,53.31,55.93,54.62,DD,DD,125,0,0,1,DD,DD,6.9,DD,DD,17.01,DD,DD,DD,0,1,0,0,1,1,0,1,0,0,0,0,0,0,1,DD,DD,DD,4,5,4,DD,DD,0,0,0,1,0,0,20,10,5,DD,DD,1,0,0,0,0,0,0,0,0,0,0,1,0,0,1,1,0,DD,1,1,0,0,0,0,1,1,1,1,0,0,0.21,0,1,0,0,0,1,0,1,0,DD,DD,DD,DD,DD,DD,0,0,0,0,1,0,0,DD,DD,DD,DD,DD,DD,DD,DD,DD,DD,DD,0,0,0,0,0,0,0,0,0,0,0,0,0,0,0,0,0,0,0,0,0,0,0,0,0,0,0,0,0,1,0,0,0,0,0,0,0,0,0,0,0,0,1,1,0,0,0,0,0,0,0,0,0,0,0,0,1800,0,0,0,0,0,0,0,1,0,0,0,1906.48,0,0,0,0,0,0,0,0,0,0,0,0,0,0,0,0,0,0,0,0,0,0,0,0,0,0,0,0,0,0,0,0,0,0,0,0,0,0,0,0,1,0,0,1,0,0,0,0,0,1,0,1,0,1,0,1,0,0,0,0,0,1,0
Speleomantes flavus,1,DD,DD,DD,DD,60,63.92,61.96,DD,DD,112.5,0,0,1,DD,DD,9.09,DD,DD,21.25,DD,DD,DD,0,1,0,0,1,1,0,1,0,0,0,0,0,0,1,DD,DD,DD,DD,DD,DD,DD,DD,DD,DD,DD,1,0,0,20,10,6.5,DD,DD,1,0,0,0,0,0,0,0,0,0,0,1,0,0,1,1,0,DD,1,1,0,0,0,0,1,1,1,1,0,0,0.21,0,1,0,0,0,1,0,1,0,DD,DD,DD,DD,DD,DD,0,0,0,0,1,0,0,DD,DD,DD,DD,DD,DD,DD,DD,DD,DD,DD,DD,DD,DD,DD,DD,DD,DD,DD,DD,DD,DD,DD,DD,DD,DD,DD,DD,DD,DD,DD,DD,DD,DD,DD,DD,DD,DD,DD,DD,DD,DD,DD,DD,DD,DD,DD,DD,DD,DD,DD,DD,DD,DD,DD,DD,DD,DD,DD,DD,DD,DD,DD,DD,DD,DD,0,1040,0,0,0,0,0,0,0,1,0,0,0,572.35,0,0,0,0,0,0,0,0,0,0,0,0,0,0,0,0,0,0,0,0,0,0,0,0,0,0,0,0,0,0,0,0,0,0,0,0,0,0,0,0,1,0,0,0,1,0,0,0,0,1,0,1,0,1,0,1,0,0,0,0,0,1,0
Speleomantes imperialis,1,DD,DD,3.92,DD,60.85,62.16,61.51,DD,DD,121.61,0,0,1,DD,DD,8.59,DD,DD,21.07,DD,DD,DD,0,1,0,0,1,1,0,1,0,0,0,0,0,0,1,DD,DD,DD,DD,DD,DD,DD,DD,DD,DD,DD,1,0,0,20,10,6.5,DD,DD,1,0,0,0,0,0,0,0,0,0,0,1,0,0,1,1,0,DD,1,1,0,0,0,0,1,1,1,1,0,0,0.21,0,1,0,0,0,1,0,1,0,DD,DD,DD,DD,DD,DD,0,0,0,0,1,0,0,DD,DD,DD,DD,DD,DD,DD,DD,DD,DD,DD,0,0,0,0,0,0,0,0,0,0,0,0,0,0,0,0,0,0,0,0,0,0,0,0,0,0,0,0,0,0,0,0,0,0,0,0,0,0,0,0,0,0,0,1,1,0,0,0,0,0,0,0,0,0,0,0,1170,0,0,0,0,0,0,0,1,0,0,0,3998.68,0,0,0,0,0,0,0,0,0,0,0,0,0,0,0,0,0,0,0,0,0,0,0,0,0,0,0,0,0,0,0,0,0,0,0,0,0,0,0,0,1,0,0,1,0,0,0,0,0,1,0,1,0,1,0,1,0,0,0,0,0,1,0
Speleomantes italicus,1,DD,DD,2.88,DD,52.2,56.23,54.22,DD,DD,94.61,0,0,1,DD,DD,6.72,DD,DD,17.32,DD,DD,4.81,0,1,0,0,1,1,0,1,0,0,0,0,0,0,1,DD,DD,DD,DD,DD,3.5,DD,DD,DD,DD,DD,1,0,0,20,10,6.5,DD,DD,1,0,0,0,0,0,0,0,0,0,0,1,0,0,1,1,0,DD,1,1,0,0,0,0,1,1,1,1,0,0,0.21,0,1,0,0,0,1,0,1,0,DD,DD,DD,DD,DD,DD,0,0,0,0,1,0,0,DD,DD,DD,DD,DD,DD,DD,DD,DD,DD,DD,0,0,0,0,0,0,0,0,0,0,0,0,0,0,0,0,0,0,0,0,0,0,0,0,0,0,0,0,0,0,0,0,0,0,0,0,0,0,0,0,0,0,1,0,0,0,0,0,0,0,0,0,0,0,0,80,1600,0,0,0,0,0,0,1,1,0,0,0,19689.93,0,0,0,0,0,0,0,0,0,0,0,0,0,0,0,0,0,0,0,0,0,0,0,0,0,0,0,0,0,0,0,0,0,0,0,0,0,0,0,0,1,0,0,1,0,0,0,0,0,1,0,1,0,1,0,1,0,0,0,0,0,1,0
Speleomantes sarrabusensis,DD,DD,DD,DD,DD,DD,DD,NA,DD,DD,DD,0,0,1,DD,DD,DD,DD,DD,DD,DD,DD,DD,0,1,0,0,1,1,0,1,0,0,DD,DD,0,0,1,DD,DD,DD,DD,DD,DD,DD,DD,DD,DD,DD,1,0,0,20,10,6.5,DD,DD,1,0,0,0,0,0,0,0,0,0,0,DD,0,0,1,1,0,DD,1,1,0,0,0,0,1,1,1,1,0,0,0.21,0,1,0,0,0,1,0,1,0,DD,DD,DD,DD,DD,DD,DD,0,0,0,1,0,0,DD,DD,DD,DD,DD,DD,DD,DD,DD,DD,DD,DD,DD,DD,DD,DD,DD,DD,DD,DD,DD,DD,DD,DD,DD,DD,DD,DD,DD,DD,DD,DD,DD,DD,DD,DD,DD,DD,DD,DD,DD,DD,DD,DD,DD,DD,DD,DD,DD,DD,DD,DD,DD,DD,DD,DD,DD,DD,DD,DD,DD,DD,DD,DD,DD,DD,DD,DD,0,0,0,0,0,0,0,1,0,0,0,30.08,0,0,0,0,0,0,0,0,0,0,0,0,0,0,0,0,0,0,0,0,0,0,0,0,0,0,0,0,0,0,0,0,0,0,0,0,0,0,0,0,1,0,0,0,1,0,0,0,0,1,0,0,0,1,0,1,0,0,0,0,0,0,0
Speleomantes strinatii,1,DD,DD,DD,DD,58.48,63.59,61.03,115,125,119.5,0,0,1,DD,DD,DD,DD,DD,DD,DD,DD,DD,0,1,0,0,1,1,0,1,0,0,0,0,0,0,1,DD,DD,DD,3,5,3,DD,DD,0,0,0,1,0,0,25,11.333,6.5,DD,0,1,0,0,0,0,0,0,0,0,0,0,1,0,0,1,1,0,DD,1,1,0,0,0,0,1,1,1,1,0,0,0.21,0,1,0,0,0,1,0,1,0,DD,DD,DD,DD,DD,DD,DD,0,0,0,1,0,0,DD,DD,DD,DD,DD,DD,DD,DD,DD,DD,DD,0,0,0,0,1,0,0,0,0,0,0,0,0,0,0,0,0,0,0,0,0,0,0,0,0,0,1,0,0,0,0,0,0,0,0,0,0,0,0,0,0,0,0,1,1,0,0,0,0,0,0,0,0,0,0,0,2500,1,0,0,0,0,0,0,1,0,0,0,13588.92,0,0,0,0,0,0,0,0,0,0,0,0,0,0,0,0,0,0,0,0,0,0,0,0,0,0,0,0,0,0,0,0,0,0,0,0,0,0,0,0,1,0,0,1,0,0,0,0,0,1,0,1,0,1,0,1,0,0,0,0,0,1,0
Speleomantes supramontis,1,DD,DD,5.08,DD,60.47,63.6,62.04,DD,DD,116.59,0,0,1,DD,DD,DD,DD,DD,20.99,DD,DD,DD,0,1,0,0,1,1,0,1,0,0,0,0,0,0,1,DD,DD,DD,DD,DD,2.5,DD,DD,DD,DD,DD,1,0,0,20,10,6.5,DD,DD,1,0,0,0,0,0,0,0,0,0,0,1,0,0,1,1,0,DD,1,1,0,0,0,0,1,1,1,1,0,0,0.21,0,1,0,0,0,1,0,1,0,DD,DD,DD,DD,DD,DD,DD,0,0,0,1,0,0,DD,DD,DD,DD,DD,DD,DD,DD,DD,DD,DD,DD,DD,DD,DD,DD,DD,DD,DD,DD,DD,DD,DD,DD,DD,DD,DD,DD,DD,DD,DD,DD,DD,DD,DD,DD,DD,DD,DD,DD,DD,DD,DD,DD,DD,DD,DD,DD,DD,DD,DD,DD,DD,DD,DD,DD,DD,DD,DD,DD,DD,DD,DD,DD,DD,DD,200,1360,0,0,0,0,0,0,0,1,0,0,0,649.98,0,0,0,0,0,0,0,0,0,0,0,0,0,0,0,0,0,0,0,0,0,0,0,0,0,0,0,0,0,0,0,0,0,0,0,0,0,0,0,0,1,0,0,0,0,1,0,0,1,0,0,1,0,1,0,1,0,0,0,0,0,1,0
Triturus carnifex,1,11.4,15.1,8.84,DD,70.19,72.28,71.24,DD,DD,144.42,0,1,0,DD,DD,DD,DD,DD,DD,DD,DD,DD,0,1,0,0,0,0,0,1,0,0,1,0,0,1,0,DD,DD,DD,3.2,2.9,2.9,0,1,0,0,0,1,0,0,DD,400,2,DD,0,0,0,0,1,0,0,1,0,0,0,0,0,0,0,0,0,0,1,0,1,0,0,0,0,1,1,1,1,0,0,DD,1,0,0,0,1,1,0,1,1,1,0,0,DD,1,1,1,1,0,0,0,1,0,1,1,0,DD,DD,DD,1,0,115,299,13,0,0,0,0,1,0,0,0,0,0,0,0,0,0,0,0,0,0,0,0,0,0,1,0,0,0,0,0,0,0,0,0,0,0,0,0,0,0,0,0,0,0,0,0,0,0,0,0,1,0,0,0,0,0,0,800,1000,1,0,0,0,0,0,1,1,1,0,0,565115.07,0,0,0,0,0,0,0,0,0,0,0,0,0,0,0,0,0,0,0,0,0,0,0,0,0,0,0,0,0,0,0,0,0,0,0,0,0,0,0,1,0,0,1,0,0,0,0,0,1,0,0,1,1,0,0,0,1,1,1,0,1,1,0
Triturus cristatus,1,6.98,7.7,7.34,4.8,64.33,69.28,66.81,140,180,140.05,0,1,0,DD,DD,DD,DD,DD,26.5,DD,DD,DD,0,1,0,0,0,0,0,1,0,0,1,0,0,0,1,0.76,0.26,0.3,2.8,2.67,2.67,0,1,0,0,0,1,0,0,61.25,400,2,0,0,0,0,0,1,0,0,1,0,0,0,0,0,0,0,0,0,0,1,0,1,0,0,0,0,1,1,1,1,0,0,0.31,1,0,0,0,1,1,0,1,1,1,0,0,DD,1,1,0,1,0,0,0,1,0,1,1,0,254,860,DD,1,0,DD,1290,105,0,0,0,0,1,0,0,0,0,0,0,0,0,0,0,0,0,0,0,0,0,0,1,0,0,0,0,0,0,1,1,0,0,0,0,0,0,0,0,0,0,0,0,0,0,0,0,0,0,1,0,0,0,0,0,0,1750,1,0,0,1,0,1,1,1,0,0,1,5957199.64,0,0,0,1,0,0,0,0,0,0,0,0,0,0,0,0,0,0,0,0,0,0,0,0,0,0,0,0,0,0,0,0,0,0,0,0,0,0,1,0,0,0,1,0,0,0,0,0,1,0,0,1,1,1,0,1,1,1,1,0,0,1,0
Triturus dobrogicus,1,DD,DD,4.7,DD,62.99,66.69,64.84,120,130,132.08,0,1,0,DD,DD,DD,DD,DD,20.01,DD,DD,DD,0,1,0,0,0,0,0,1,0,0,1,DD,DD,DD,DD,0.47,DD,DD,3.2,3.5,3.2,DD,DD,DD,DD,DD,DD,DD,DD,35,250,1.7,DD,DD,0,0,0,1,0,0,1,0,0,0,DD,DD,0,0,0,0,0,DD,DD,DD,DD,DD,DD,DD,DD,DD,DD,DD,DD,DD,DD,DD,DD,DD,DD,DD,1,0,1,1,DD,DD,DD,DD,DD,DD,DD,1,0,0,0,1,0,DD,DD,DD,DD,DD,DD,DD,DD,DD,DD,DD,0,0,0,0,0,0,0,0,0,0,0,0,0,0,0,0,0,0,0,0,0,0,0,0,0,0,1,0,0,1,1,0,1,0,0,0,0,0,0,0,0,0,0,0,0,0,0,0,0,0,0,0,0,0,0,0,600,1,0,0,0,1,0,1,0,0,1,1,317613.58,0,0,0,0,0,0,0,0,0,0,0,0,0,0,0,0,0,0,0,0,0,0,0,0,0,0,0,0,0,0,0,0,0,0,0,0,0,0,0,1,0,0,0,1,0,0,0,0,1,0,0,1,0,0,0,0,1,1,1,0,1,1,0
Triturus karelinii,1,DD,DD,DD,DD,68.84,71.12,69.98,109.21,122.33,136.89,0,1,0,DD,DD,DD,24.03,22.71,25.94,DD,DD,DD,0,1,0,0,0,0,0,1,0,0,1,0,0,1,0,DD,DD,DD,DD,DD,4,DD,DD,DD,DD,DD,1,0,0,40,250,1.9,DD,DD,0,0,0,1,0,0,1,0,0,0,DD,DD,0,0,0,0,0,DD,1,1,1,0,0,0,1,1,1,0,0,0,DD,DD,DD,DD,DD,DD,1,0,1,1,DD,DD,DD,DD,DD,DD,0,1,0,0,0,1,0,DD,DD,DD,DD,DD,DD,DD,DD,DD,DD,DD,DD,DD,DD,DD,DD,DD,DD,DD,DD,DD,DD,DD,DD,DD,DD,DD,DD,DD,DD,DD,DD,DD,DD,DD,DD,DD,DD,DD,DD,DD,DD,DD,DD,DD,DD,DD,DD,DD,DD,DD,DD,DD,DD,DD,DD,DD,DD,DD,DD,DD,DD,DD,DD,DD,DD,0,2134,1,0,0,0,1,0,1,1,0,0,1,434726.47,0,1,0,0,0,0,0,0,0,0,0,0,0,0,0,0,0,0,0,0,0,0,0,0,0,0,0,0,0,0,0,0,0,0,0,0,0,0,0,1,0,0,1,0,0,0,0,0,1,0,0,1,0,1,0,1,1,1,1,0,0,1,0
Triturus marmoratus,1,8.85,8.97,8.91,DD,65.74,72.43,69.08,132,146,138.3,0,1,0,DD,DD,DD,DD,DD,28,DD,DD,DD,0,1,0,0,0,0,0,1,0,0,0,0,0,0,1,0.77,0.65,DD,4.17,4.4,4.17,DD,DD,0,0,0,1,0,0,43.13,400,2,0,0,0,0,0,1,0,0,1,0,0,0,1,0,0,0,0,0,0,DD,1,1,1,0,0,0,1,1,1,0,0,0,DD,1,0,0,0,1,1,1,1,1,1,0,0,DD,DD,DD,0,1,0,0,0,1,0,DD,DD,DD,DD,DD,DD,DD,DD,DD,146,DD,0,0,0,0,0,0,0,0,0,0,0,0,0,0,0,0,0,0,0,0,0,0,1,0,0,0,0,0,0,1,0,0,0,0,0,0,0,0,0,0,0,0,0,1,0,0,0,0,0,0,0,0,0,0,0,0,1940,1,0,0,1,0,0,1,1,0,0,0,537303.11,0,0,0,0,0,0,0,0,0,0,0,0,0,0,0,0,0,0,0,0,0,0,0,0,0,0,0,0,0,0,0,0,0,0,0,0,0,0,0,1,0,0,1,0,0,0,0,0,1,0,0,1,1,1,0,1,1,1,0,0,0,1,0
Triturus pygmaeus,DD,2.04,2.29,2.94,DD,49.49,43.9,46.7,DD,DD,101.07,0,1,0,DD,DD,DD,DD,DD,18.55,DD,DD,DD,0,1,0,0,0,0,0,1,0,0,DD,DD,0,1,0,0.73,DD,DD,DD,DD,2,DD,DD,DD,DD,DD,1,0,0,46.5,150,DD,DD,DD,0,0,0,1,0,0,1,0,0,0,0,DD,0,0,0,0,0,DD,0,1,0,0,1,0,1,1,1,1,0,0,DD,1,0,0,0,0,1,0,1,1,DD,DD,DD,DD,0,DD,DD,1,0,0,0,1,0,DD,DD,DD,DD,DD,DD,DD,DD,DD,DD,DD,0,0,0,0,0,0,0,0,0,0,0,0,0,0,0,0,0,0,0,0,0,0,0,0,0,0,0,1,0,1,0,0,0,0,0,0,0,0,0,0,0,0,0,0,0,0,0,0,0,0,0,0,0,0,0,0,1500,0,0,0,0,0,0,0,1,0,0,0,179937.39,0,0,0,0,0,0,0,0,0,0,0,0,0,0,0,0,0,0,0,0,0,0,0,0,0,0,0,0,0,0,0,0,0,0,0,0,0,0,0,1,0,0,0,1,0,0,0,0,1,0,0,1,1,0,0,0,0,0,0,0,0,1,0
Xenopus laevis,1,26.55,40.28,76.21,DD,62.49,73.3,67.9,59.9,63.3,67.9,1,0,0,DD,DD,29,DD,DD,DD,DD,DD,22,1,0,0,0,1,1,0,0,1,1,1,0,0,1,0,DD,DD,DD,DD,DD,2,DD,DD,0,0,0,0,1,0,15,2500,1,DD,1,0,0,0,0,1,0,0,1,0,0,0,0,0,0,0,0,0,DD,0,0,0,1,1,1,1,1,1,1,0,0,0.15,1,0,0,0,1,1,1,1,1,0,0,0,DD,1,DD,DD,0,0,0,0,1,0,DD,DD,DD,DD,DD,DD,1,1,DD,2000,100,0,0,0,0,0,0,0,0,0,0,0,0,0,0,0,0,0,0,0,0,0,0,0,0,0,0,1,0,0,1,0,1,1,1,0,0,0,0,0,0,0,0,0,0,0,0,0,0,0,0,0,0,0,0,0,DD,DD,0,0,0,1,0,0,0,0,0,0,0,DD,0,0,0,0,0,0,0,0,0,0,0,0,0,0,0,1,0,0,0,0,0,0,1,0,0,0,0,0,0,1,0,0,0,0,0,0,0,0,1,0,0,0,1,0,0,0,0,0,0,0,1,0,0,0,0,0,0,0,0,0,0,0,1
