"species","order","mni_max","spec_max","complete_case","abu_cat","lat_range","gcd","ma_range","asl_pred","svl","mean_lat","min_lat","family","genus"
"Acanthostomatops vorax","Temnospondyli",1,NA,NA,NA,0,0,0,75,208.914767273565,7.727055414,7.727055414,"Zatracheidae","Acanthostomatops"
"Acheloma cumminsi","Temnospondyli",1,1,TRUE,1,0,58.60925815771,6,166,444.877307884927,0.2447605375,0.061937284,"Trematopidae","Acheloma"
"Acheloma dunni","Temnospondyli",2,6,TRUE,1,0,9.50453877449036e-05,0,177,473.400252354433,0.975413717,0.975413717,"Trematopidae","Acheloma"
"Albanerpeton arthridion","Allocaudata",16,43,TRUE,1,0.23728803,28.3650673026132,10,4.94186849582904,27.2543859525859,38.6773099575,36.8040014,"Albanerpetontidae","Albanerpeton"
"Albanerpeton cifellii","Allocaudata",1,1,TRUE,1,0,0,0,NA,NA,45.61790019,45.61790019,"Albanerpetontidae","Albanerpeton"
"Albanerpeton galaktion","Allocaudata",1,6,TRUE,1,0.54488428,1378.35630607969,18,10.8721106908239,42.631474027,56.92418518375,48.17852687,"Albanerpetontidae","Albanerpeton"
"Albanerpeton gracilis","Allocaudata",40,85,TRUE,2,0.52360903,2483.26469216179,7,6.58915799443872,31.5257993065898,55.1786584528571,38.51926098,"Albanerpetontidae","Albanerpeton"
"Albanerpeton inexpectatum","Allocaudata",3,33,TRUE,1,3.15803801,1050.8226471905,16,16,55.9280651189455,44.8951934125,41.16246172,"Albanerpetontidae","Albanerpeton"
"Albanerpeton nexuosus","Allocaudata",14,79,TRUE,1,2.54757261,2290.82201316293,17,11.5310264902678,44.3400393686016,52.7158478476923,38.51926098,"Albanerpetontidae","Albanerpeton"
"Albionbatrachus wightensis","Salientia",1,1,TRUE,1,0,0,0,NA,NA,44.81577889,44.81577889,"Palaeobatrachidae","Albionbatrachus"
"Ambystoma minshalli","Urodela",3,78,TRUE,1,3.00677215,334.869816936655,0,14.8256054874871,52.8828660766094,45.58535731,43.50596686,"Ambystomatidae","Ambystoma"
"Amphibiopodiscus saltator",NA,NA,NA,NA,NA,0,0,0,NA,NA,-44.05282492,-44.05282492,NA,"Amphibiopodiscus"
"Anakamacops petrolicus","Temnospondyli",1,1,TRUE,1,0,0,0,NA,NA,25.32222932,25.32222932,"Dissorophidae","Anakamacops"
"Anconastes vesperus","Temnospondyli",1,2,TRUE,1,0,9.50453877449036e-05,0,99,271.146646116122,2.00652925,2.00652925,"Trematopidae","Anconastes"
"Andrias matthewi","Urodela",1,2,TRUE,1,6.67912689,846.214608414306,5,154,413.761368463649,47.699791996,45.81244016,"Cryptobranchidae","Andrias"
"Angusaurus tsylmensis","Temnospondyli",NA,NA,NA,NA,0,0,0,NA,NA,50.5305141,50.5305141,"Benthosuchidae","Angusaurus"
"Anoualerpeton priscus","Allocaudata",48,402,TRUE,2,0,0,0,8.2364474930484,35.7972126605937,35.9998508,35.9998508,"Albanerpetontidae","Anoualerpeton"
"Anoualerpeton unicus","Allocaudata",NA,NA,NA,NA,0,0,0,8.2364474930484,35.7972126605937,16.56501981,16.56501981,"Albanerpetontidae","Anoualerpeton"
"Antarctosuchus polyodon","Temnospondyli",1,1,TRUE,1,0,0,0,624,1632.46899579706,-70.8294837,-70.8294837,NA,"Antarctosuchus"
"Apachesaurus gregorii","Temnospondyli",3,7,TRUE,1,3.767930754,952.915800604027,15,NA,NA,10.419158424,7.828468216,"Metoposauridae","Apachesaurus"
"Apateon gracilis","Temnospondyli",NA,NA,NA,NA,0,0,0,18,61.1140550224919,7.727055414,7.727055414,"Branchiosauridae","Apateon"
"Aphaneramma rostratum","Temnospondyli",1,5,TRUE,1,0.18197044,86.5185305607202,0,242,641.944924219691,55.8094997355556,55.71751013,"Trematosauridae","Aphaneramma"
"Apodops pricei","Parabatrachia",1,1,TRUE,1,0,0,0,NA,NA,-27.12387667,-27.12387667,"Caeciliidae","Apodops"
"Apricosiren ensomi","Urodela",50,200,TRUE,2,0,0,0,NA,NA,33.10265491,33.10265491,NA,"Apricosiren"
"Aralobatrachus robustus","Salientia",2,10,TRUE,1,0,0.000134414476389852,4,18,61.1140550224919,36.081917775,35.92976291,"Discoglossidae","Aralobatrachus"
"Arariphrynus placidoi","Salientia",NA,NA,NA,NA,0,9.50453877449036e-05,0,NA,NA,-5.740652219,-5.740652219,NA,"Arariphrynus"
"Arizonerpeton wellsi","Lepospondyli",1,27,TRUE,1,0,0,0,NA,NA,-9.204140903,-9.204140903,"Nectridea","Arizonerpeton"
"Aspidosaurus chiton","Temnospondyli",1,2,TRUE,1,0,0,0,89,245.21669659839,0.462893986,0.462893986,"Dissorophidae","Aspidosaurus"
"Austropelor wadleyi","Temnospondyli",1,1,TRUE,1,0,0,0,NA,NA,-58.3656774,-58.3656774,"Brachyopidae","Austropelor"
"Avitabatrachus uliana","Salientia",NA,NA,NA,NA,0,0,0,12.4443204403572,35,-38.078945,-38.078945,NA,NA
"Aygroua anoualensis","Salientia",2,24,TRUE,1,0,0,0,NA,NA,16.56501981,16.56501981,NA,"Aygroua"
"Bakonybatrachus fedori","Salientia",1,4,TRUE,1,0,0,0,10.666560377449,30,31.56505601,31.56505601,"Discoglossidae","Bakonybatrachus"
"Balanerpeton woodi","Temnospondyli",27,27,TRUE,2,0,0,0,48,150,-28.15289937,-28.15289937,NA,"Balanerpeton"
"Banksiops townrowi","Temnospondyli",8,46,TRUE,1,0.29929762,36.9601982543721,0,82,227.065731935977,-82.4583302633333,-82.65516901,"Brachyopidae","Banksiops"
"Baphetes orientalis",NA,NA,NA,NA,NA,0,0,0,276,730.10675257998,-1.468283224,-1.468283224,NA,NA
"Bathignathus poikilops","Temnospondyli",1,1,TRUE,1,0,9.50453877449036e-05,0,212,564.155075666495,-49.96272207,-49.96272207,"Brachyopidae","Bathignathus"
"Batrachopodiscus curvus",NA,NA,NA,NA,NA,0,0,0,NA,NA,-51.99242429,-51.99242429,NA,"Batrachopodiscus"
"Batrachopodiscus quthingensis",NA,NA,NA,NA,NA,0,0,0,NA,NA,-43.98389532,-43.98389532,NA,"Batrachopodiscus"
"Batrachopodiscus tsanatalani",NA,NA,NA,NA,NA,0,0,0,NA,NA,-51.99242429,-51.99242429,NA,"Batrachopodiscus"
"Batrachosuchus concordi","Temnospondyli",1,1,TRUE,1,0,0.000134414476389852,0,NA,NA,-39.64503944,-39.64503944,"Brachyopidae","Batrachosuchus"
"Batrachosuchus henwoodi","Temnospondyli",1,1,TRUE,1,0,0,0,126,341.157509813999,-50.71063212,-50.71063212,"Brachyopidae","Batrachosuchus"
"Batropetes fritschia","Lepospondyli",1,1,TRUE,1,0,0,0,13.1783159888774,48.6114527226055,4.989818757,4.989818757,"Brachystelechidae","Batropetes"
"Beelzebufo ampinga","Salientia",1,19,TRUE,1,0.18010425,95.888749765317,0,82.488066918939,232,-36.588807225,-36.73787828,NA,"Beelzebufo"
"Benthosuchus korobkovi","Temnospondyli",NA,NA,NA,NA,0,0,0,NA,NA,41.26444672,41.26444672,NA,"Benthosuchus"
"Benthosuchus sushkini","Temnospondyli",1,1,TRUE,1,0,0,0,700,1829.53661213182,39.68951369,39.68951369,NA,"Benthosuchus"
"Benthosuchus uralensis","Temnospondyli",1,1,TRUE,1,0,0,0,700,1829.53661213182,38.50926425,38.50926425,NA,"Benthosuchus"
"Bishara backa","Urodela",1,1,TRUE,1,0,0.000134414476389852,0,NA,NA,35.87967564,35.87967564,NA,"Bishara"
"Bolterpeton carrolli","Lepospondyli",2,2,TRUE,1,0,9.50453877449036e-05,0,NA,NA,0.975413717,0.975413717,"Gymnarthridae","Bolterpeton"
"Boreosaurus thorslundi","Temnospondyli",1,1,TRUE,1,0.14296763,66.6677753764131,0,NA,NA,55.8052021233333,55.73933456,"Stereospondyli","Boreosaurus"
"Bothriceps australis","Temnospondyli",15,15,TRUE,1,0,0,0,85,234.844716791297,-86.1212877,-86.1212877,"Brachyopidae","Bothriceps"
"Branchierpeton amblystomum","Temnospondyli",NA,NA,NA,NA,0,0,0,NA,NA,7.727055414,7.727055414,"Micromelerpetontidae","Branchierpeton"
"Branchiosaurus umbrosus","Temnospondyli",NA,NA,NA,NA,0,0,0,12.7,47.3711817780939,9.697373238,9.697373238,"Branchiosauridae","Branchiosaurus"
"Broiliellus novomexicanus","Temnospondyli",NA,NA,NA,NA,0,0,0,89,245.21669659839,4.453305342,4.453305342,"Dissorophidae","Broiliellus"
"Broiliellus peltatus","Temnospondyli",NA,NA,NA,NA,0,0,0,89,245.21669659839,0.427583791,0.427583791,"Dissorophidae","Broiliellus"
"Bufo kuhrei","Salientia",NA,NA,NA,NA,0,0,0,NA,NA,45.81244016,45.81244016,"Bufonidae","Bufo"
"Bufo linquensis","Salientia",NA,NA,NA,NA,0,0.000134414476389852,0,NA,NA,35.5478729,35.5478729,"Bufonidae","Bufo"
"Cacops aspidephorus","Temnospondyli",1,21,TRUE,1,0,0,0,124,335.971519910452,0.460845037,0.460845037,"Dissorophidae","Cacops"
"Cacops morrisi","Temnospondyli",2,2,TRUE,1,0,9.50453877449036e-05,0,122,330.785530006906,0.975413717,0.975413717,"Dissorophidae","Cacops"
"Calamops paludosus","Temnospondyli",1,1,TRUE,1,0,0,0,900,2348.13560248646,13.80806439,13.80806439,"Capitosauroidea","Calamops"
"Callistomordax kugleri","Temnospondyli",9,11,TRUE,1,0.09796271,21.3653157945044,0,155,416.354363415422,28.818151635,28.76917028,NA,"Callistomordax"
"Calmasuchus acri","Temnospondyli",1,3,TRUE,1,0,0,0,323,851.977515313321,18.34211083,18.34211083,NA,"Calmasuchus"
"Capitosaurus arenaceus","Temnospondyli",1,1,TRUE,1,0,0,0,NA,NA,30.00590726,30.00590726,"Mastodonsauridae","Capitosaurus"
"Capitosaurus polaris","Temnospondyli",1,1,TRUE,1,0,9.50453877449036e-05,0,NA,NA,56.6527461,56.6527461,"Mastodonsauridae","Capitosaurus"
"Cardiocephalus peabodyi","Lepospondyli",3,25,TRUE,1,0,9.50453877449036e-05,0,19,106,0.975413717,0.975413717,"Gymnarthridae","Cardiocephalus"
"Cardiocephalus sternbergi","Lepospondyli",2,2,TRUE,1,0.167195,23.0587373111051,0,16,55.9280651189455,0.518625652666667,0.462893986,"Gymnarthridae","Cardiocephalus"
"Celtedens ibericus","Allocaudata",1,1,TRUE,1,0,0,0,9.71900804179711,39.6414846791973,27.7633892,27.7633892,"Albanerpetontidae","Celtedens"
"Celtedens megacephalus","Allocaudata",32,45,TRUE,2,0,0,32,9.3,38.554998942065,31.667683535,30.23271216,"Albanerpetontidae","Celtedens"
"Chelomophrynus bayi","Salientia",NA,NA,NA,NA,0,9.50453877449036e-05,0,NA,NA,50.44918944,50.44918944,"Rhinophrynidae","Chelomophrynus"
"Chenoprosopus milleri","Temnospondyli",1,1,TRUE,1,0,9.50453877449036e-05,0,291.5,770.298174332465,5.836037906,5.836037906,"Cochleosauridae","Chenoprosopus"
"Chomatobatrachus halei","Temnospondyli",7,10,TRUE,1,0.50810143,58.2808206483817,0,112,304.855580489174,-82.331029592,-82.50627557,"Lydekkerinidae","Chomatobatrachus"
"Chunerpeton tianyiensis","Urodela",1,1,TRUE,1,0.48718324,634.271694598948,6,26,81.8580146366776,49.0720357625,46.00900381,"Cryptobranchidae","Chunerpeton"
"Cochleosaurus florensis","Temnospondyli",NA,NA,NA,NA,0,0,0,124,335.971519910452,-8.169084445,-8.169084445,"Cochleosauridae","Cochleosaurus"
"Conjunctio multidens","Temnospondyli",NA,NA,NA,NA,0,0.000134414476389852,9,113,307.448575440947,4.3414244235,4.209081445,"Dissorophidae","Conjunctio"
"Cosgriffius campi","Temnospondyli",1,1,TRUE,1,0,0,0,411,1080.16107106936,18.72551536,18.72551536,"Trematosauridae","Cosgriffius"
"Cratia gracilis","Salientia",NA,NA,NA,NA,0,9.50453877449036e-05,0,NA,NA,-5.740652219,-5.740652219,NA,"Cratia"
"Crossotelos annulatus","Lepospondyli",2,2,TRUE,1,0,9.50453877449036e-05,4,37,110.380959106183,0.341408531,0.310326878,"Urocordylidae","Crossotelos"
"Cryobatrachus kitchingi","Temnospondyli",1,3,TRUE,1,0.14898461,22.3067757371507,0,NA,NA,-72.2157345133333,-72.29821628,NA,"Cryobatrachus"
"Ctenerpeton primum","Lepospondyli",NA,NA,NA,NA,0,0,0,NA,NA,-13.54950851,-13.54950851,"Urocordylidae","Ctenerpeton"
"Cyclotosaurus ebrachensis","Temnospondyli",1,1,TRUE,1,0,0.000134414476389852,0,345,909.023404252332,29.60479785,29.60479785,"Capitosauroidea","Cyclotosaurus"
"Cyclotosaurus intermedius","Temnospondyli",1,5,TRUE,1,0,9.50453877449036e-05,0,560,1466.51731888357,34.36829666,34.36829666,"Capitosauroidea","Cyclotosaurus"
"Cyclotosaurus leptognathus","Temnospondyli",2,4,TRUE,1,0,0,0,345,909.023404252332,29.55313207,29.55313207,"Capitosauroidea","Cyclotosaurus"
"Cyclotosaurus pachygnathus","Temnospondyli",1,4,TRUE,1,0.0062607,34.3240225524953,0,345,909.023404252332,29.55000172,29.54687137,"Capitosauroidea","Cyclotosaurus"
"Cyclotosaurus posthumus","Temnospondyli",NA,NA,NA,NA,0,0,0,NA,NA,43.9149942,43.9149942,"Capitosauroidea","Cyclotosaurus"
"Cyclotosaurus robustus","Temnospondyli",22,22,TRUE,2,0.32216323,36.4699366991352,0,391,1028.3011720339,28.194133135,28.03305152,"Capitosauroidea","Cyclotosaurus"
"Cyclotosaurus spitzbergensis","Temnospondyli",1,1,TRUE,1,0,0,0,345,909.023404252332,55.80683278,55.80683278,"Capitosauroidea","Cyclotosaurus"
"Cymatorhiza kittsi","Lepospondyli",1,1,TRUE,1,0,0,0,NA,NA,7.848929095,7.848929095,"Gymnarthridae","Cymatorhiza"
"Czatkobatrachus polonicus","Salientia",9,76,TRUE,1,0,9.50453877449036e-05,0,17.7776006290817,50,29.56265668,29.56265668,NA,"Czatkobatrachus"
"Dasyceps bucklandi","Temnospondyli",1,1,TRUE,1,0,0,0,240,636.758934316145,6.65260018,6.65260018,"Zatracheidae","Dasyceps"
"Deltacephalus whitei","Temnospondyli",1,1,TRUE,1,0,0,0,51.8,148.757284392426,-34.15967136,-34.15967136,"Lydekkerinidae","Deltacephalus"
"Deltasaurus kimberleyensis","Temnospondyli",1,6,TRUE,1,0.62950249,118.692764533472,2,128,346.343499717545,-66.60592092,-82.50627557,"Rhytidosteidae","Deltasaurus"
"Deltasaurus pustulatus","Temnospondyli",1,1,TRUE,1,0,9.50453877449036e-05,0,128,346.343499717545,-52.1988992,-52.1988992,"Rhytidosteidae","Deltasaurus"
"Dendrerpeton acadianum","Temnospondyli",1,1,TRUE,1,0,0.000134414476389852,0,105,286.704615826761,-16.28427248,-16.28427248,NA,"Dendrerpeton"
"Derwentia warreni","Temnospondyli",1,1,TRUE,1,0.17757063,19.8024221122465,0,88.4,243.660899627326,-82.417490255,-82.50627557,"Derwentiidae","Derwentia"
"Dicamptodon antiquus","Urodela",1,1,TRUE,1,0,0,0,21,68.8930398778115,64.88680164,64.88680164,"Dicamptodontidae","Dicamptodon"
"Diceratosaurus laevis","Lepospondyli",1,1,TRUE,1,0,0,0,37,110.380959106183,-9.920517005,-9.920517005,"Nectridea","Diceratosaurus"
"Diceratosaurus robustus","Lepospondyli",1,1,TRUE,1,0,0,0,67,188.170807659379,-9.920517005,-9.920517005,"Nectridea","Diceratosaurus"
"Diplocaulus brevirostris","Lepospondyli",4,4,TRUE,1,0.035310195,8.74690771914032,0,136,367.087459331731,0.4452388885,0.427583791,"Keraterpetontidae","Diplocaulus"
"Diplocaulus copei","Lepospondyli",1,8,TRUE,1,0,0,0,NA,NA,0.334317632,0.334317632,"Keraterpetontidae","Diplocaulus"
"Diplocaulus magnicornis","Lepospondyli",3,23,TRUE,1,0.208124516,31.10072262567,9,115,312.634565344493,0.447893445444444,0.310326878,"Keraterpetontidae","Diplocaulus"
"Diplocaulus minimus","Lepospondyli",3,3,TRUE,1,0,0,0,NA,NA,13.33706147,13.33706147,"Keraterpetontidae","Diplocaulus"
"Diplocaulus recurvatus","Lepospondyli",1,9,TRUE,1,0,0,0,127,343.750504765772,0.57510469,0.57510469,"Keraterpetontidae","Diplocaulus"
"Dissorophus multicinctus","Temnospondyli",1,3,TRUE,1,0,0,0,131,354.122484572865,0.462893986,0.462893986,"Dissorophidae","Dissorophus"
"Doleserpeton annectens","Temnospondyli",NA,NA,NA,NA,0,9.50453877449036e-05,0,18.5,55,0.975413717,0.975413717,"Amphibamidae","Doleserpeton"
"Doragnathus woodi","Temnospondyli",NA,NA,NA,NA,0,0,0,NA,NA,-5.944001845,-5.944001845,"Trimerorhachidae","Doragnathus"
"Dvinosaurus egregius","Temnospondyli",NA,NA,NA,NA,0,0,0,265,701.583808110475,35.55893865,35.55893865,"Dvinosauria","Dvinosaurus"
"Dvinosaurus primus","Temnospondyli",NA,NA,NA,NA,0,0.000134414476389852,16,198,527.85314634167,31.74225558,27.16053185,"Dvinosauria","Dvinosaurus"
"Dvinosaurus secundus","Temnospondyli",NA,NA,NA,NA,0,0,0,NA,NA,27.16053185,27.16053185,"Dvinosauria","Dvinosaurus"
"Elfridia bulbidens","Lepospondyli",NA,NA,NA,NA,0,0,0,NA,NA,-9.204140903,-9.204140903,"Gymnarthridae","Elfridia"
"Elkobatrachus brocki","Salientia",5,8,TRUE,1,0,0,0,10.666560377449,30,49.03830192,49.03830192,"Pelobatidae","Elkobatrachus"
"Eocyclotosaurus wellesi","Temnospondyli",1,7,TRUE,1,1.6730174,213.745162469729,0,510,1336.86757129491,17.957182092,17.28890997,"Capitosauroidea","Eocyclotosaurus"
"Eodiscoglossus oxoniensis","Salientia",28,160,TRUE,2,0,0,0,28.4441610065307,80,35.9998508,35.9998508,"Discoglossidae","Eodiscoglossus"
"Eodiscoglossus santonjae","Salientia",1,5,TRUE,1,0,0,1,11,55,27.26812118,27.26812118,"Discoglossidae","Eodiscoglossus"
"Eolydekkerina magna","Temnospondyli",1,1,TRUE,1,0,0,0,139,374.86644418705,-50.44876943,-50.44876943,"Lydekkerinidae","Eolydekkerina"
"Eopelobates anthracinus","Salientia",NA,NA,NA,NA,0.73935908,85.6124296508025,0,NA,NA,45.76663814,45.3969586,"Pelobatidae","Eopelobates"
"Eopelobates bayeri","Salientia",NA,NA,NA,NA,0,0,21,11.9109924214847,33.5,44.54748253,44.54748253,"Pelobatidae","Eopelobates"
"Eopelobates grandis","Salientia",1,1,TRUE,1,0,0,0,39.1107213839797,110,49.28460442,49.28460442,"Pelobatidae","Eopelobates"
"Eopelobates hinschei","Salientia",NA,NA,NA,NA,0,0,0,NA,NA,43.36445349,43.36445349,"Pelobatidae","Eopelobates"
"Eorhinophrynus septentrionalis","Salientia",1,1,TRUE,1,0,0,0,NA,NA,50.69738768,50.69738768,"Rhinophrynidae","Eorhinophrynus"
"Eoscapherpeton asiaticum","Urodela",1,1,TRUE,1,0,0,0,NA,NA,35.92976291,35.92976291,"Cryptobranchidae","Eoscapherpeton"
"Eoxenopoides reuningi","Salientia",NA,NA,NA,NA,0,9.50453877449036e-05,0,NA,NA,-45.82460549,-45.82460549,NA,"Eoxenopoides"
"Eryops megacephalus","Temnospondyli",5,9,TRUE,1,0.16587583,368.714973526712,6,367,960,1.1010641854,0.061937284,"Eryopidae","Eryops"
"Eryosuchus antiquus","Temnospondyli",1,1,TRUE,1,0,0,0,262,693.804823255155,40.96813891,40.96813891,"Capitosauridae","Eryosuchus"
"Eryosuchus tverdochlebovi","Temnospondyli",10,10,TRUE,1,0.18124786,21.6489475751035,0,262,693.804823255155,40.9662625333333,40.90584658,"Capitosauroidea","Eryosuchus"
"Estesina elegans","Salientia",1,2,TRUE,1,0,0.000134414476389852,4,NA,NA,36.081917775,35.92976291,"Discoglossidae","Estesina"
"Eurycephalella alcinae","Salientia",1,1,TRUE,1,0,9.50453877449036e-05,0,13.5109764781021,38,-5.740652219,-5.740652219,NA,"Eurycephalella"
"Euryodus primus","Lepospondyli",5,5,TRUE,1,0,0,0,32,97.4159843473169,0.427583791,0.427583791,NA,"Euryodus"
"Fayella chickashaensis","Temnospondyli",2,2,TRUE,1,0,0,0,NA,NA,8.011436527,8.011436527,NA,"Fayella"
"Ferganobatrachus riabinini","Temnospondyli",2,3,TRUE,1,0.04847151,11.2076406828161,3,NA,NA,40.168032204,40.06974119,NA,"Ferganobatrachus"
"Galverpeton ibericum","Urodela",1,1,TRUE,1,0,0,0,NA,NA,27.26812118,27.26812118,NA,"Galverpeton"
"Georgenthalia clavinasica","Temnospondyli",1,1,TRUE,1,0,9.50453877449036e-05,0,28.3,87.821903025756,7.338746664,7.338746664,"Amphibamidae","Georgenthalia"
"Gerrothorax new species","Temnospondyli",NA,NA,NA,NA,0,0,0,133,359.308474476411,28.86713299,28.86713299,"Plagiosauridae","Gerrothorax"
"Gobiates asiaticus","Salientia",1,1,TRUE,1,0,0,0,NA,NA,35.92976291,35.92976291,"Gobiatidae","Gobiates"
"Gobiates kizylkumensis","Salientia",1,1,TRUE,1,0,0.000134414476389852,4,NA,NA,36.081917775,35.92976291,"Gobiatidae","Gobiates"
"Gobiates tatarinovi","Salientia",1,1,TRUE,1,0,0,0,NA,NA,35.92976291,35.92976291,"Gobiatidae","Gobiates"
"Gobiatoides parvus","Salientia",1,1,TRUE,1,0,0,0,NA,NA,35.92976291,35.92976291,"Gobiatidae","Gobiatoides"
"Gobiops desertus","Temnospondyli",1,8,TRUE,1,0,9.50453877449036e-05,56,300,792.338631422537,42.732529055,38.68599897,"Brachyopidae","Gobiops"
"Gonioglyptus huxleyi","Temnospondyli",1,1,TRUE,1,0,0,0,NA,NA,-48.73037191,-48.73037191,"Trematosauridae","Gonioglyptus"
"Goniorhynchus stovalli","Lepospondyli",11,11,TRUE,1,0,9.50453877449036e-05,0,13.8,50.2234762250444,0.8869647,0.8869647,"Gymnarthridae","Goniorhynchus"
"Gracilibatrachus avallei","Salientia",NA,NA,NA,NA,0,0,0,NA,NA,27.7633892,27.7633892,NA,"Gracilibatrachus"
"Habrosaurus dilatus","Urodela",9,73,TRUE,1,9.10953047,1094.19192646258,13,329.457899721936,868.722816691359,54.9654999975676,47.25021292,"Sirenidae","Habrosaurus"
"Hapsidopareion lepton","Lepospondyli",8,9,TRUE,1,0,0,0,10,40.3700954083062,0.640417343,0.640417343,"Hapsidopareiontidae","Hapsidopareion"
"Hatzegobatrachus grigorescui","Salientia",NA,NA,NA,NA,0,0,0,NA,NA,25.16541867,25.16541867,NA,"Hatzegobatrachus"
"Hemiprichisaurus keuperinus",NA,NA,NA,NA,NA,0,0,0,NA,NA,38.57686635,38.57686635,NA,"Hemiprichisaurus"
"Hensonbatrachus kermiti","Salientia",NA,NA,NA,NA,0.0301988,135.660530068418,5,NA,NA,60.5888591055556,59.63637009,NA,"Hensonbatrachus"
"Horezmia gracile","Urodela",1,NA,NA,NA,0,0,6,NA,NA,36.4299166333333,34.23167808,"Scapherpetontidae","Horezmia"
"Hungarobatrachus szukacsi","Salientia",5,12,TRUE,1,0,0,0,21.333120754898,60,31.56505601,31.56505601,NA,"Hungarobatrachus"
"Hylerpeton dawsoni","Lepospondyli",1,1,TRUE,1,0,0.000134414476389852,0,NA,NA,-16.28427248,-16.28427248,"Hylonomidae","Hylerpeton"
"Ichthyerpeton squamosum",NA,NA,NA,NA,NA,0,0,0,NA,NA,-9.920517005,-9.920517005,"Colosteidae","Ichthyerpeton"
"Indobatrachus pusillus","Salientia",NA,NA,NA,NA,0,0,0,NA,NA,-2.757274093,-2.757274093,"Bufonidae","Indobatrachus"
"Indobrachyops panchetensis","Temnospondyli",1,1,TRUE,1,0.0790274,9.05636199357335,0,NA,NA,-48.76988561,-48.80939931,NA,"Indobrachyops"
"Indolyrocephalus panchetensis","Temnospondyli",1,3,TRUE,1,0.0092163,1.90336993392349,0,NA,NA,-48.7294001833333,-48.73352247,"Trematosauria","Indolyrocephalus"
"Intasuchus silvicola","Temnospondyli",NA,NA,NA,NA,0,0,0,174,465.621267499113,34.73728454,34.73728454,"Intasuchidae","Intasuchus"
"Iridotriton hechti","Urodela",1,1,TRUE,1,0,0,0,16.4728949860968,57.1542794306133,28.09206286,28.09206286,NA,"Iridotriton"
"Isodectes obtusus","Temnospondyli",1,1,TRUE,1,0,0,33,70,195.949792514699,-6.460062991,-9.920517005,"Saurerpetontidae","Isodectes"
"Isodectes punctulatus","Temnospondyli",2,2,TRUE,1,0,0,0,32,97.4159843473169,-9.920517005,-9.920517005,"Saurerpetontidae","Isodectes"
"Jammerbergia formops","Temnospondyli",1,1,TRUE,1,0,0,0,596,1559.86513714741,-50.36018047,-50.36018047,"Mastodonsauridae","Jammerbergia"
"Kababisha humarensis","Urodela",2,2,TRUE,1,0,9.50453877449036e-05,0,100,273.739641067895,1.086387861,1.086387861,"Sirenidae","Kababisha"
"Kababisha sudanensis","Urodela",5,6,TRUE,1,0,9.50453877449036e-05,0,100,273.739641067895,1.086387861,1.086387861,"Sirenidae","Kababisha"
"Karaurus sharovi","Urodela",NA,NA,NA,NA,0,0,0,NA,NA,40.5163857,40.5163857,"Karauridae","Karaurus"
"Kestrosaurus dreyeri","Temnospondyli",1,1,TRUE,1,0.79147275,322.407804009412,0,530,1388.72747033038,-50.3585592166667,-50.62249972,"Capitosauridae","Kestrosaurus"
"Kestrosaurus kitchingi","Temnospondyli",2,8,TRUE,1,0,9.50453877449036e-05,0,635,1660.99194026656,-49.96272207,-49.96272207,"Capitosauridae","Kestrosaurus"
"Kiyatriton leshchinskiyi","Urodela",3,6,TRUE,1,0,0,10,NA,NA,49.90004065,49.45670683,NA,"Kiyatriton"
"Kizylkuma antiqua","Salientia",3,6,TRUE,1,0,0.000134414476389852,4,NA,NA,36.1326360633333,35.92976291,"Discoglossidae","Kizylkuma"
"Kokartus honorarius","Urodela",6,47,TRUE,1,0.00323786,3.78304598732712,0,50,144.089893479235,40.62673389,40.62511496,"Karauridae","Kokartus"
"Konzhukovia vetusta","Temnospondyli",NA,NA,NA,NA,0,0,0,250,662.688883833877,27.59825432,27.59825432,"Archegosauridae","Konzhukovia"
"Koolasuchus cleelandi","Temnospondyli",2,12,TRUE,1,0,0,0,650,1699.88686454316,-83.97537676,-83.97537676,"Chigutisauridae","Koolasuchus"
"Koskinonodon perfectus","Temnospondyli",9,35,TRUE,1,11.65246864,3052.8337456881,15,560,1466.51731888357,10.9545490929677,6.484346225,"Metoposauridae","Koskinonodon"
"Kryostega collinsoni","Temnospondyli",1,1,TRUE,1,0,0,0,1000,2607.43509766379,-70.8294837,-70.8294837,"Stereospondyli","Kryostega"
"Labyrinthodon lavisi","Temnospondyli",1,1,TRUE,1,0,9.50453877449036e-05,0,600,1570.2371169545,27.79708042,27.79708042,"Mastodonsauridae","Labyrinthodon"
"Labyrinthodon panchetensis","Temnospondyli",NA,NA,NA,NA,0,0,0,NA,NA,-48.73037191,-48.73037191,"Stereospondyli","Labyrinthodon"
"Laccotriton subsolanus","Urodela",100,100,TRUE,3,0,0,0,12,45.5560853118526,51.23936998,51.23936998,NA,"Laccotriton"
"Laidleria gracilis","Temnospondyli",NA,NA,NA,NA,0,0.000134414476389852,0,NA,NA,-52.22514382,-52.22514382,NA,"Laidleria"
"Latiscopus disjunctus","Temnospondyli",NA,NA,NA,NA,0,9.50453877449036e-05,0,NA,NA,6.484493095,6.484493095,"Almasauridae","Latiscopus"
"Latonia seyfriedi","Salientia",1,50,TRUE,1,0,9.50453877449036e-05,0,30,80,48.366939,48.366939,"Discoglossidae","Latonia"
"Lechriodus casca","Salientia",NA,NA,NA,NA,0,0,0,NA,NA,-44.24502731,-44.24502731,"Leptodactylidae","Lechriodus"
"Lechriodus intergerivus","Salientia",NA,NA,NA,NA,0,0,0,NA,NA,-24.09848062,-24.09848062,"Leptodactylidae","Lechriodus"
"Lehahichnus coquinaris",NA,NA,NA,NA,NA,0,0,0,NA,NA,-43.99146309,-43.99146309,NA,"Lehahichnus"
"Leiocephalikon problematicum","Lepospondyli",1,1,TRUE,1,0,0.000134414476389852,0,20,66.3000449260383,-16.28427248,-16.28427248,"Gymnarthridae","Leiocephalikon"
"Leiopelma acricarina","Salientia",1,2,TRUE,1,0,9.50453877449036e-05,0,28.4441610065307,80,-46.47040842,-46.47040842,"Leiopelmatidae","Leiopelma"
"Leiopelma miocaenale","Salientia",1,1,TRUE,1,0,9.50453877449036e-05,0,28.4441610065307,80,-46.47029377,-46.47029377,"Leiopelmatidae","Leiopelma"
"Lethiscus stocki","Lepospondyli",NA,NA,NA,NA,0,0,0,28,278,-28.12275166,-28.12275166,"Lethiscidae","Lethiscus"
"Liaobatrachus beipiaoensis","Salientia",NA,NA,NA,NA,0.09079605,10.9291431391517,0,NA,NA,41.641325725,41.5959277,NA,"Liaobatrachus"
"Liaobatrachus macilentus","Salientia",1,1,TRUE,1,0,9.50453877449036e-05,7,40.8884814468879,115,40.60908369,40.57624342,NA,"Liaobatrachus"
"Liaobatrachus zhaoi","Salientia",NA,NA,NA,NA,0,0,0,NA,NA,41.66105509,41.66105509,NA,"Liaobatrachus"
"Liaoxitriton zhongjiani","Urodela",40,40,TRUE,2,0,9.50453877449036e-05,0,90,247.809691550163,39.81993444,39.81993444,NA,"Liaoxitriton"
"Llankibatrachus truebae","Salientia",NA,NA,NA,NA,0.38182169,47.6094495417844,0,NA,NA,-41.352914175,-41.54382502,"Pipidae","Llankibatrachus"
"Llistrofus pricei","Lepospondyli",1,1,TRUE,1,0,9.50453877449036e-05,0,22,71.4860348295848,0.975413717,0.975413717,"Hapsidopareiontidae","Llistrofus"
"Lydekkerina panchetensis","Temnospondyli",1,1,TRUE,1,0,0,0,70.6,197.505589485763,-48.8030441,-48.8030441,"Lydekkerinidae","Lydekkerina"
"Lyrocephaliscus euri","Temnospondyli",1,2,TRUE,1,0.20976098,35.8390100737651,0,108,294.483600682081,55.801357868,55.7284457,"Lyrocephaliscidae","Lyrocephaliscus"
"Lysorophus tricarinatus","Lepospondyli",14,16,TRUE,1,0,9.50453877449036e-05,9,16,55.9280651189455,0.598645789,0.310326878,"Lysorophidae","Lysorophus"
"Macropelobates osborni","Salientia",NA,NA,NA,NA,0,0,0,NA,NA,43.05176022,43.05176022,"Pelobatidae","Macropelobates"
"Mahavisaurus australis","Temnospondyli",1,1,TRUE,1,0,0,0,193,514.888171582804,-34.08807633,-34.08807633,"Rhytidosteidae","Mahavisaurus"
"Mahavisaurus dentatus","Temnospondyli",NA,NA,NA,NA,0,0,0,NA,NA,-34.0981856,-34.0981856,"Rhytidosteidae","Mahavisaurus"
"Manubrantlia khaki","Temnospondyli",1,1,TRUE,1,0,0,0,111.5,303.559083013287,-48.73747794,-48.73747794,"Lapillopsidae","Manubrantlia"
"Marmorerpeton freemani","Urodela",1,1,TRUE,1,0,0,0,65.8915799443872,185.296680050731,35.9998508,35.9998508,NA,"Marmorerpeton"
"Marmorerpeton kermacki","Urodela",5,19,TRUE,1,4.94284425,667.875149950739,0,65.8915799443872,185.296680050731,38.471272925,35.9998508,NA,"Marmorerpeton"
"Mastodonsaurus durus","Temnospondyli",1,1,TRUE,1,0,0,0,1070,2788.94474428791,13.58513401,13.58513401,"Metoposauridae","Mastodonsaurus"
"Mastodonsaurus giganteus","Temnospondyli",2,21,TRUE,1,2.24913263,263.243930733542,0,1250,3255.68383560709,28.9218669975,28.45803172,NA,"Mastodonsaurus"
"Mastodonsaurus lavisi","Temnospondyli",1,2,TRUE,1,0,9.50453877449036e-05,18,900,2348.13560248646,28.04472307,27.79947317,"Mastodonsauridae","Mastodonsaurus"
"Mastodonsaurus torvus","Temnospondyli",1,1,TRUE,1,0.8601158,107.973162703308,0,900,2348.13560248646,43.03037765,42.60031975,NA,"Mastodonsaurus"
"Matthewichnus caudifer","Temnospondyli",NA,NA,NA,NA,0,9.50453877449036e-05,0,NA,NA,-13.76382254,-13.76382254,NA,"Matthewichnus"
"Megamolgophis agostini","Lepospondyli",NA,NA,NA,NA,0,0,0,NA,NA,-1.104869433,-1.104869433,"Lysorophidae","Megamolgophis"
"Melanerpeton pulcherrimum","Temnospondyli",NA,NA,NA,NA,0,0,0,34.7,104.417070717105,9.697373238,9.697373238,"Branchiosauridae","Melanerpeton"
"Melosaurus uralensis","Temnospondyli",1,1,TRUE,1,0,0,0,196,522.667156438123,29.04171448,29.04171448,"Rachitomi","Melosaurus"
"Metoposaurus algarvensis","Temnospondyli",8,12,TRUE,1,0,0,0,450,1181.28787418852,18.58942215,18.58942215,"Metoposauridae","Metoposaurus"
"Metoposaurus diagnosticus","Temnospondyli",1,5,TRUE,1,1.2495831,687.331224377693,15,442,1160.54391457433,29.8796774123077,28.35521475,"Metoposauridae","Metoposaurus"
"Metoposaurus fraasi","Temnospondyli",1,1,TRUE,1,2.294546023,874.671691267816,0,NA,NA,10.4189773123333,9.293148327,"Metoposauridae","Metoposaurus"
"Metoposaurus jonesi","Temnospondyli",1,1,TRUE,1,0,9.50453877449036e-05,0,NA,NA,7.741952892,7.741952892,"Metoposauridae","Metoposaurus"
"Micraroter erythrogeios","Lepospondyli",1,1,TRUE,1,0,0,0,45,131.124918720369,0.640417343,0.640417343,"Ostodolepidae","Micraroter"
"Microbrachis pelikani","Lepospondyli",7,7,TRUE,1,0,0,0,21,68.8930398778115,-1.468283224,-1.468283224,NA,"Microbrachis"
"Micropholis stowi","Temnospondyli",5,5,TRUE,1,1.08049539,594.924389316088,2,41.4,121.790136893985,-50.8079279745455,-51.41810525,"Amphibamidae","Micropholis"
"Microposaurus averyi","Temnospondyli",1,1,TRUE,1,0,9.50453877449036e-05,0,400,1051.63812659986,-76.87266213,-76.87266213,"Trematosauridae","Microposaurus"
"Microposaurus casei","Temnospondyli",1,1,TRUE,1,0.45548653,64.0732212300496,0,NA,NA,-50.59605553,-50.76388385,"Trematosauridae","Microposaurus"
"Miopelodytes gilmorei","Salientia",NA,NA,NA,NA,0,0,0,NA,NA,44.56349046,44.56349046,"Pelodytidae","Miopelodytes"
"Montsechobatrachus gaudryi","Salientia",1,1,TRUE,1,0,0,0,NA,NA,27.89891997,27.89891997,NA,"Montsechobatrachus"
"Nannaroter mckinziei","Lepospondyli",1,1,TRUE,1,0,9.50453877449036e-05,0,18,61.1140550224919,0.975413717,0.975413717,"Ostodolepidae","Nannaroter"
"Nannospondylus stewarti","Temnospondyli",1,1,TRUE,1,0,0,0,NA,NA,8.00152498,8.00152498,"Trimerorhachidae","Nannospondylus"
"Nanolania anatopretia","Temnospondyli",1,5,TRUE,1,0,0,0,NA,NA,-68.96617631,-68.96617631,"Rhytidosteidae","Nanolania"
"Nanopus reidiae","Temnospondyli",NA,NA,NA,NA,0,9.50453877449036e-05,0,NA,NA,-13.76382254,-13.76382254,NA,"Nanopus"
"Neoprocoela edentatus","Salientia",1,1,TRUE,1,0,0,0,23.4664328303878,66,-44.38606068,-44.38606068,"Leptodactylidae","Neoprocoela"
"Nesovtriton mynbulakensis","Urodela",4,6,TRUE,1,0,0.000134414476389852,4,NA,NA,36.1326360633333,35.92976291,NA,"Nesovtriton"
"Neusibatrachus wilferti","Salientia",NA,NA,NA,NA,0,0,0,NA,NA,27.78327354,27.78327354,NA,"Neusibatrachus"
"Nigerpeton ricqlesi","Temnospondyli",1,2,TRUE,1,0.004796255,2.53062051756416,0,560,1466.51731888357,-3.4790615715,-3.481459699,"Cochleosauridae","Nigerpeton"
"Noterpeton bolivianum","Urodela",1,38,TRUE,1,0,9.50453877449036e-05,0,NA,NA,-18.87845142,-18.87845142,"Sirenidae","Noterpeton"
"Notobatrachus degiustoi","Salientia",NA,NA,NA,NA,0,0,0,NA,NA,-49.89790185,-49.89790185,NA,"Notobatrachus"
"Notobatrachus reigi","Salientia",NA,NA,NA,NA,0,9.50453877449036e-05,0,NA,NA,-48.66640471,-48.66640471,NA,"Notobatrachus"
"Oligosemia spinosa","Urodela",3,3,TRUE,1,0,0,0,NA,NA,38.88179299,38.88179299,"Salamandridae","Oligosemia"
"Onchiodon labyrinthicus","Temnospondyli",NA,NA,NA,NA,0,0,0,280,740.478732387073,7.727055414,7.727055414,"Eryopidae","Onchiodon"
"Ophiderpeton kirktonense","Lepospondyli",1,4,TRUE,1,0,0,0,20,66.3000449260383,-28.15289937,-28.15289937,"Ophiderpetontidae","Ophiderpeton"
"Ophiderpeton swisshelmense","Lepospondyli",1,15,TRUE,1,0,0,0,NA,NA,-9.204140903,-9.204140903,"Ophiderpetontidae","Ophiderpeton"
"Opisthotriton gidleyi","Urodela",1,1,TRUE,1,0,0,0,32,97.4159843473169,56.35974339,56.35974339,"Batrachosauroididae","Opisthotriton"
"Opisthotriton kayi","Urodela",107,334,TRUE,3,7.37555015,1641.38158869318,22,32,97.4159843473169,58.1473719094366,46.35063606,"Batrachosauroididae","Opisthotriton"
"Osteophorus typus","Temnospondyli",NA,NA,NA,NA,0,0,0,NA,NA,-33.50909623,-33.50909623,"Actinodontidae","Osteophorus"
"Ostodolepis brevispinatus","Lepospondyli",1,1,TRUE,1,0,0,0,NA,NA,0.462893986,0.462893986,"Ostodolepidae","Ostodolepis"
"Oumtkoutia anae","Salientia",22,34,TRUE,2,0,0,0,NA,NA,26.75793135,26.75793135,"Pipidae","Oumtkoutia"
"Pachycentrata taqueti","Salientia",4,21,TRUE,1,0,0,0,24.8886408807143,70,5.684381289,5.684381289,NA,"Pachycentrata"
"Pachygonia incurvata","Temnospondyli",1,2,TRUE,1,0,0,29,NA,NA,-42.19470508,-48.94483322,"Stereospondylomorpha","Pachygonia"
"Palaeobatrachus occidentalis","Salientia",1,1,TRUE,1,0.15663647,548.760859684685,6,17.5,61,54.896571385,53.61898138,"Palaeobatrachidae","Palaeobatrachus"
"Palaeobatrachus robustus","Salientia",7,71,TRUE,1,0,0,0,17.5,61,40.82904277,40.82904277,"Palaeobatrachidae","Palaeobatrachus"
"Palaeoproteus gallicus","Urodela",7,26,TRUE,1,0.09756896,13.2968896401198,0,13.4,49.1862782443351,38.9914320733333,38.92711811,"Batrachosauroididae","Palaeoproteus"
"Paleoamphiuma tetradactylum","Urodela",1,1,TRUE,1,0,0,0,20,66.3000449260383,49.93272716,49.93272716,"Amphiumidae","Paleoamphiuma"
"Panchetosaurus panchetensis","Temnospondyli",1,1,TRUE,1,0,0,0,NA,NA,-48.73037191,-48.73037191,"Trematosauridae","Panchetosaurus"
"Paracyclotosaurus davidi","Temnospondyli",1,1,TRUE,1,0,0,0,NA,NA,-76.90155035,-76.90155035,NA,"Paracyclotosaurus"
"Paracyclotosaurus morganorum","Temnospondyli",1,1,TRUE,1,0,0,0,NA,NA,-51.13777847,-51.13777847,NA,"Paracyclotosaurus"
"Paradiscoglossus americanus","Salientia",1,3,TRUE,1,0.00913569,6.83122535947139,0,NA,NA,53.771050005,53.76648216,NA,"Paradiscoglossus"
"Paralatonia transylvanica","Salientia",1,2,TRUE,1,0,0,0,NA,NA,25.16541867,25.16541867,"Discoglossidae","Paralatonia"
"Pariotichus brachyops","Lepospondyli",1,1,TRUE,1,0,0,0,25,79.2650196849044,0.462893986,0.462893986,"Gymnarthridae","Pariotichus"
"Parotosuchus orenburgensis","Temnospondyli",1,1,TRUE,1,0,0,0,NA,NA,39.92038202,39.92038202,"Mastodonsauridae","Parotosuchus"
"Parotosuchus orientalis","Temnospondyli",1,1,TRUE,1,1.17748781,138.513977135862,0,NA,NA,39.745566325,39.15682242,NA,"Parotosuchus"
"Parotosuchus speleus","Temnospondyli",1,90,TRUE,1,0,9.50453877449036e-05,0,651,1702.47985949493,29.56265668,29.56265668,NA,"Parotosuchus"
"Pasawioops mayi","Temnospondyli",2,2,TRUE,1,0,9.50453877449036e-05,0,28.9,89.3776999968199,0.975413717,0.975413717,"Amphibamidae","Pasawioops"
"Pelobates fahlbuschi","Salientia",125,1080,TRUE,3,0,9.50453877449036e-05,0,35.5552012581634,100,45.97077245,45.97077245,"Pelobatidae","Pelobates"
"Pelodosotis elongatum","Lepospondyli",1,1,TRUE,1,0,0,0,36,107.78796415441,0.462893986,0.462893986,"Ostodolepidae","Pelodosotis"
"Peltobatrachus pustulatus","Temnospondyli",1,1,TRUE,1,0,0,0,NA,NA,-45.45752693,-45.45752693,"Stereospondyli","Peltobatrachus"
"Peltostega erici","Temnospondyli",1,1,TRUE,1,0.07546941,81.5368414765071,0,NA,NA,55.8494024733333,55.80683278,NA,"Peltostega"
"Peronedon primus","Lepospondyli",6,5,TRUE,1,0.246547357,169.627471030356,0,14,50.7420752153991,0.7636910215,0.640417343,"Keraterpetontidae","Peronedon"
"Phlegethontia longissima","Lepospondyli",2,19,TRUE,1,3.078099274,4854.15860380255,1,21,68.8930398778115,-7.03793374125,-9.920517005,"Phlegethontiidae","Phlegethontia"
"Piceoerpeton willwoodense","Urodela",3,7,TRUE,1,0,982.854397610583,6,35.5552012581634,100,54.486808045,52.47094065,"Scapherpetontidae","Piceoerpeton"
"Plagioscutum caspiense","Temnospondyli",NA,NA,NA,NA,0,0,0,NA,NA,43.46043555,43.46043555,"Plagiosauridae","Plagioscutum"
"Plagioscutum ochevi","Temnospondyli",NA,NA,NA,NA,0.91085582,181.20230032063,0,NA,NA,41.3339870125,40.99823614,"Plagiosauridae","Plagioscutum"
"Plagiosternum danilovi","Temnospondyli",1,1,TRUE,1,0,0,0,NA,NA,43.46043555,43.46043555,"Plagiosauridae","Plagiosternum"
"Plagiosternum paraboliceps","Temnospondyli",1,1,TRUE,1,0.3733866,188.813081171952,0,NA,NA,41.21706331,40.96813891,"Plagiosauridae","Plagiosternum"
"Platyoposaurus rickardi","Temnospondyli",1,1,TRUE,1,0,9.50453877449036e-05,0,NA,NA,27.60072419,27.60072419,"Archegosauridae","Platyoposaurus"
"Platyoposaurus stuckenbergi","Temnospondyli",1,1,TRUE,1,0,0,0,700,1829.53661213182,34.62106644,34.62106644,"Archegosauridae","Platyoposaurus"
"Platyoposaurus vjuschkovi","Temnospondyli",1,1,TRUE,1,0,0,0,NA,NA,27.73316896,27.73316896,"Archegosauridae","Platyoposaurus"
"Platyoposaurus watsoni","Temnospondyli",1,1,TRUE,1,0,0,0,240,636.758934316145,36.27515802,36.27515802,"Archegosauridae","Platyoposaurus"
"Platystega depressa","Temnospondyli",1,1,TRUE,1,0,0,0,NA,NA,55.80683278,55.80683278,"Platystegidae","Platystega"
"Proacris mintoni","Salientia",1,1,TRUE,1,0,0,0,NA,NA,32.31249723,32.31249723,"Hylidae","Proacris"
"Procerobatrachus paulus","Salientia",1,1,TRUE,1,0,0,0,NA,NA,35.92976291,35.92976291,"Discoglossidae","Procerobatrachus"
"Prodesmodon copei","Urodela",8,30,TRUE,1,4.95394016,1289.35626046538,11,NA,NA,54.53405043,46.35063606,"Batrachosauroididae","Prodesmodon"
"Prodiscoglossus vertaizoni","Salientia",2,2,TRUE,1,0,0,0,30.9330250946021,87,40.58170876,40.58170876,"Discoglossidae","Prodiscoglossus"
"Prosiren elinorae","Urodela",1,3,TRUE,1,1.37757307,178.6249506266,13,3.8,24.2935267073123,37.9764016016667,35.18207659,"Prosirenidae","Prosiren"
"Prospea holoserisca","Salientia",1,1,TRUE,1,0,0,0,13,25,40.72995959,40.72995959,"Scaphiopodidae","Prospea"
"Pseudacris nordensis","Salientia",1,1,TRUE,1,0.04739597,38.6130482992387,0,19.5553606919898,55,45.836138145,45.81244016,"Hylidae","Pseudacris"
"Pseudobranchus robustus","Urodela",1,6,TRUE,1,0.1986599,80.3022480763536,0,NA,NA,29.69218389,29.26718983,"Sirenidae","Pseudobranchus"
"Pseudophlegethontia turnbullorum","Lepospondyli",1,1,TRUE,1,0,9.50453877449036e-05,0,9,37.777100456533,-6.842417731,-6.842417731,"Pseudophlegethontiidae","Pseudophlegethontia"
"Puertollanopus omicrodactylus","Lepospondyli",NA,NA,NA,NA,0,0,0,NA,NA,-6.884098824,-6.884098824,NA,"Puertollanopus"
"Rana basaltica","Salientia",NA,NA,NA,NA,0,0.000134414476389852,1,NA,NA,35.5478729,35.5478729,"Ranidae","Rana"
"Rana carbonicola","Salientia",NA,NA,NA,NA,0,0,0,NA,NA,43.36445349,43.36445349,"Ranidae","Rana"
"Regalerpeton weichangensis","Urodela",NA,NA,NA,NA,0,0,0,NA,NA,40.38659607,40.38659607,NA,"Regalerpeton"
"Rewana myriadens","Temnospondyli",1,2,TRUE,1,0,0,0,132,356.715479524638,-68.96617631,-68.96617631,"Derwentiidae","Rewana"
"Rewana quadricuneata","Temnospondyli",2,2,TRUE,1,0,9.50453877449036e-05,0,150,403.389388656556,-69.81552529,-69.81552529,"Derwentiidae","Rewana"
"Rhadalognathus boweni","Temnospondyli",NA,NA,NA,NA,0,0.000134414476389852,0,NA,NA,17.75527846,17.75527846,"Heylerosauridae","Rhadalognathus"
"Rhadinosteus parvus","Salientia",NA,NA,NA,NA,0,0,0,NA,NA,28.09206286,28.09206286,"Rhinophrynidae","Rhadinosteus"
"Rhinesuchus wadiai","Temnospondyli",1,1,TRUE,1,0,0,0,NA,NA,-49.28987221,-49.28987221,"Rhinesuchidae","Rhinesuchus"
"Rhinesuchus wolgodvinensis","Temnospondyli",1,2,TRUE,1,1.85123603,219.572919555218,0,NA,NA,43.691861645,42.76624363,"Rhinesuchidae","Rhinesuchus"
"Rhytidosteus capensis","Temnospondyli",1,1,TRUE,1,0,12063.4440082939,1,NA,NA,-5.596487475,-50.34979737,"Rhytidosteidae","Rhytidosteus"
"Rileymillerus cosgriffi","Temnospondyli",1,1,TRUE,1,0,0,0,NA,NA,7.828468216,7.828468216,NA,"Rileymillerus"
"Rotaryus gothae","Temnospondyli",NA,NA,NA,NA,0,9.50453877449036e-05,0,45.3,131.902817205901,7.338746664,7.338746664,"Trematopidae","Rotaryus"
"Rotaurisaurus contundo","Temnospondyli",1,1,TRUE,1,0,9.50453877449036e-05,0,39.6,117.122745980793,-82.35587139,-82.35587139,"Lapillopsidae","Rotaurisaurus"
"Rubeostratilia texensis","Temnospondyli",NA,NA,NA,NA,0,0,0,NA,NA,-1.623955346,-1.623955346,"Amphibamidae","Rubeostratilia"
"Rubricacaecilia monbaroni","Parabatrachia",3,3,TRUE,1,0,0,0,NA,NA,16.56501981,16.56501981,NA,"Rubricacaecilia"
"Saevesoederberghia egredia","Salientia",2,3,TRUE,1,0,0,4,NA,NA,35.92976291,35.92976291,"Discoglossidae","Saevesoederberghia"
"Saharastega moradiensis","Temnospondyli",1,1,TRUE,1,0,0,0,NA,NA,-3.481459699,-3.481459699,NA,"Saharastega"
"Salamandra sansaniensis","Urodela",2,28,TRUE,1,0,0,27,49.4186849582904,142.582546510692,41.027036735,37.50659094,"Salamandridae","Salamandra"
"Saltenia ibanezi","Salientia",33,33,TRUE,2,0,9.50453877449036e-05,0,7.89325467931226,22.2,-27.38073073,-27.38073073,"Pipidae","Saltenia"
"Scapherpeton tectum","Urodela",61,531,TRUE,2,8.66833603,1038.77027862234,53,NA,NA,57.9987430618966,51.22804524,"Scapherpetontidae","Scapherpeton"
"Scaphiopus wardorum","Salientia",4,12,TRUE,1,0.04739597,38.6130482992387,8,22,100,45.4169218066667,44.57848913,"Pelobatidae","Scaphiopus"
"Sclerothorax hypselonotus","Temnospondyli",2,2,TRUE,1,0.40370167,58.0325177359916,0,170,455.24928769202,28.757247945,28.55539711,"Sclerothoracidae","Sclerothorax"
"Seminobatrachus boltyschkensis","Urodela",NA,NA,NA,NA,0,0,0,NA,NA,39.61394121,39.61394121,NA,"Seminobatrachus"
"Shelania laurenti","Salientia",NA,NA,NA,NA,0,0,0,NA,NA,-39.23378293,-39.23378293,"Pipidae","Shelania"
"Shelania pascuali","Salientia",NA,NA,NA,NA,0,0,0,NA,NA,-43.34297083,-43.34297083,"Pipidae","Shelania"
"Shomronella jordanica","Salientia",NA,NA,NA,NA,0,0,0,NA,NA,1.680409642,1.680409642,"Pipidae","Shomronella"
"Siderops kehli","Temnospondyli",NA,NA,NA,NA,0,0,0,570,1492.4472684013,-61.53968737,-61.53968737,"Chigutisauridae","Siderops"
"Sillerpeton permianum","Lepospondyli",1,7,TRUE,1,0,9.50453877449036e-05,0,NA,NA,0.975413717,0.975413717,"Phlegethontiidae","Sillerpeton"
"Singidella latecostata","Salientia",NA,NA,NA,NA,0,0,0,NA,NA,-17.96675502,-17.96675502,NA,"Singidella"
"Siren hesterna","Urodela",NA,NA,NA,NA,0,0,0,14.8256054874871,52.8828660766094,32.31249723,32.31249723,"Sirenidae","Siren"
"Slaugenhopia texensis","Temnospondyli",1,1,TRUE,1,0.09922685,15.4689441188604,0,51,146.682888431008,0.636247417,0.586633992,"Trimerorhachidae","Slaugenhopia"
"Spea neuter","Salientia",24,198,TRUE,2,0,0,14,21.333120754898,60,48.99401415,48.51014445,"Pelobatidae","Spea"
"Stanocephalosaurus birdi","Temnospondyli",1,1,TRUE,1,0,0,0,NA,NA,18.55944351,18.55944351,"Mastodonsauridae","Stanocephalosaurus"
"Stenotosaurus gracilis","Temnospondyli",1,1,TRUE,1,0,0,0,NA,NA,29.14100488,29.14100488,"Mastodonsauridae","Stenotosaurus"
"Stenotosaurus stantonensis","Temnospondyli",1,1,TRUE,1,0,0,0,NA,NA,31.25637631,31.25637631,"Mastodonsauridae","Stenotosaurus"
"Stoschiosaurus nielseni","Temnospondyli",1,1,TRUE,1,0,0.000134414476389852,0,NA,NA,43.92942715,43.92942715,"Trematosauridae","Stoschiosaurus"
"Subcyclotosaurus brookvalensis","Temnospondyli",1,1,TRUE,1,0,9.50453877449036e-05,0,NA,NA,-76.79925139,-76.79925139,"Mastodonsauridae","Subcyclotosaurus"
"Sunnybatrachus purbeckensis","Salientia",4,45,TRUE,1,0.00967447,4.61533837437975,0,14.2220805032653,40,33.107492145,33.10265491,NA,"Sunnybatrachus"
"Syndyodosuchus tetricus","Temnospondyli",NA,NA,NA,NA,0,0,0,156,418.947358367195,34.73728454,34.73728454,"Intasuchidae","Syndyodosuchus"
"Tambachia trogallas","Temnospondyli",1,1,TRUE,1,0,9.50453877449036e-05,0,70,195.949792514699,7.338746664,7.338746664,"Trematopidae","Tambachia"
"Tambaroter carrolli","Lepospondyli",1,1,TRUE,1,0,0,0,30.5,93.5264919196571,7.312968384,7.312968384,"Ostodolepidae","Tambaroter"
"Tersomius mosesi","Temnospondyli",14,17,TRUE,1,0,9.50453877449036e-05,0,55,157.054868238101,0.8869647,0.8869647,"Amphibamidae","Tersomius"
"Tertrema acuta","Temnospondyli",1,1,TRUE,1,0.05463506,19.8317032733282,0,NA,NA,55.76665209,55.73933456,"Trematosauridae","Tertrema"
"Thaumastosaurus wardi","Salientia",1,3,TRUE,1,0.05812517,7.23839901806469,0,NA,NA,44.884439965,44.85537738,NA,"Thaumastosaurus"
"Tirraturhinus smisseni","Temnospondyli",1,1,TRUE,1,0,0,0,NA,NA,-68.96617631,-68.96617631,"Trematosauridae","Tirraturhinus"
"Trematosuchus sobeyi","Temnospondyli",2,2,TRUE,1,0,0,0,420,1103.49802563532,-51.55005596,-51.55005596,"Trematosauridae","Trematosuchus"
"Triadobatrachus massinoti","Salientia",NA,NA,NA,NA,0,9.50453877449036e-05,0,NA,NA,-34.12742559,-34.12742559,NA,"Triadobatrachus"
"Triassurus sixtelae","Temnospondyli",1,1,TRUE,1,0,0,0,NA,NA,40.32171976,40.32171976,NA,"Triassurus"
"Trimerorhachis insignis","Temnospondyli",4,9,TRUE,1,1.428577757,370.795187811494,9,175,468.214262450886,0.478596423,-1.118250879,NA,"Trimerorhachis"
"Trimerorhachis mesops","Temnospondyli",1,8,TRUE,1,0,0,0,168,450.063297788474,0.462893986,0.462893986,NA,"Trimerorhachis"
"Trimerorhachis rogersi","Temnospondyli",11,13,TRUE,1,0,0,0,145,390.42441389769,0.653595386,0.653595386,NA,"Trimerorhachis"
"Tryphosuchus kinelensis","Temnospondyli",1,7,TRUE,1,0,0,0,NA,NA,27.73316896,27.73316896,"Melosauridae","Tryphosuchus"
"Tylototriton primigenius","Urodela",NA,NA,NA,NA,0,0,0,NA,NA,45.07544735,45.07544735,"Salamandridae","Tylototriton"
"Tyrrellbatrachus brinkmani","Salientia",1,2,TRUE,1,0.01384351,18.1125007087657,2,14.2220805032653,40,60.691387245,60.67826222,NA,"Tyrrellbatrachus"
"Uberabatrachus carvalhoi","Salientia",1,1,TRUE,1,0,0,0,23.1108808178062,65,-23.85881786,-23.85881786,"Ceratophryidae","Uberabatrachus"
"Urupia monstrosa","Urodela",1,6,TRUE,1,0,0,0,NA,NA,58.19692025,58.19692025,NA,"Urupia"
"Uruyiella liminea","Temnospondyli",1,1,TRUE,1,0,0,0,NA,NA,-37.58656574,-37.58656574,"Laidleriidae","Uruyiella"
"Valdotriton gracilis","Urodela",NA,NA,NA,NA,0,0,0,NA,NA,27.7633892,27.7633892,NA,"Valdotriton"
"Vanastega plurimidens","Temnospondyli",1,2,TRUE,1,0,0,0,150,403.389388656556,-50.57129933,-50.57129933,"Brachyopidae","Vanastega"
"Vigilius wellesi","Temnospondyli",1,15,TRUE,1,0,0.000134414476389852,0,240,636.758934316145,17.75527846,17.75527846,"Brachyopidae","Vigilius"
"Vulcanobatrachus mandelai","Salientia",250,250,TRUE,4,0,0,0,14.9331845284286,42,-46.12121832,-46.12121832,NA,"Vulcanobatrachus"
"Vyborosaurus mirus","Temnospondyli",NA,NA,NA,NA,0,0,0,NA,NA,50.5305141,50.5305141,"Benthosuchidae","Vyborosaurus"
"Wantzosaurus elongatus","Temnospondyli",1,1,TRUE,1,0.06602636,32.6873489308602,0,NA,NA,-34.15943647,-34.19244965,"Trematosauridae","Wantzosaurus"
"Warrenisuchus aliciae","Temnospondyli",1,1,TRUE,1,0,0,0,NA,NA,-68.96617631,-68.96617631,NA,"Warrenisuchus"
"Watsonisuchus gunganj","Temnospondyli",1,2,TRUE,1,0,9.50453877449036e-05,0,NA,NA,-69.81552529,-69.81552529,NA,"Watsonisuchus"
"Watsonisuchus rewanensis","Temnospondyli",1,1,TRUE,1,0,9.50453877449036e-05,0,NA,NA,-69.81552529,-69.81552529,NA,"Watsonisuchus"
"Wawelia gerholdi","Salientia",NA,NA,NA,NA,0,0,0,NA,NA,-40.65471857,-40.65471857,"Ceratophryidae","Wawelia"
"Wellesaurus bussoni","Temnospondyli",1,1,TRUE,1,0,9.50453877449036e-05,0,NA,NA,5.029363995,5.029363995,"Heylerosauridae","Wellesaurus"
"Wellesaurus peabodyi","Temnospondyli",1,1,TRUE,1,0.0279983,15.458380153284,0,NA,NA,18.7161557133333,18.69751706,"Mastodonsauridae","Wellesaurus"
"Wesserpeton evansae","Allocaudata",10,63,TRUE,1,0.00154386,22.3503032709732,0,12.4443204403572,35,37.46557889,37.46480696,"Albanerpetontidae","Wesserpeton"
"Wetlugasaurus malachovi","Temnospondyli",1,1,TRUE,1,2.52451125,436.959611382246,0,NA,NA,51.792769725,50.5305141,NA,"Wetlugasaurus"
"Xenobrachyops allos","Temnospondyli",1,1,TRUE,1,0,0,0,NA,NA,-68.96617631,-68.96617631,"Brachyopidae","Xenobrachyops"
"Xenopus arabiensis","Salientia",NA,NA,NA,NA,0,0,0,NA,NA,2.604852994,2.604852994,"Pipidae","Xenopus"
"Xenotosuchus africanus","Temnospondyli",1,1,TRUE,1,0.25041584,67.4518881085735,0,NA,NA,-50.5740961075,-50.72640779,"Mastodonsauridae","Xenotosuchus"
"Zatrachys conchigerus","Temnospondyli",NA,NA,NA,NA,0,0,0,NA,NA,0.462893986,0.462893986,"Zatracheidae","Zatrachys"
"Zatrachys microphthalmus","Temnospondyli",NA,NA,NA,NA,0,0,0,NA,NA,0.462893986,0.462893986,"Zatracheidae","Zatrachys"
"Zatrachys serratus","Temnospondyli",1,1,TRUE,1,0,1753.77355343775,18,110,299.669590585627,-0.511759523333333,-1.217405602,"Zatracheidae","Zatrachys"
