species,genus,family,order,occurrence_no,occurrence.reference_no
Acheloma cumminsi,Acheloma,Trematopidae,Temnospondyli,296101,9228
Albanerpeton arthridion,Albanerpeton,Albanerpetontidae,Allocaudata,831984,26201
Albanerpeton cifellii,Albanerpeton,Albanerpetontidae,Allocaudata,247987,6845
Albanerpeton galaktion,Albanerpeton,Albanerpetontidae,Allocaudata,1070845,42675
Albanerpeton galaktion,Albanerpeton,Albanerpetontidae,Allocaudata,1070840,42675
Albanerpeton galaktion,Albanerpeton,Albanerpetontidae,Allocaudata,1070842,42675
Albanerpeton gracilis,Albanerpeton,Albanerpetontidae,Allocaudata,1069417,42675
Albanerpeton gracilis,Albanerpeton,Albanerpetontidae,Allocaudata,1069419,42675
Albanerpeton inexpectatum,Albanerpeton,Albanerpetontidae,Allocaudata,1217120,52039
Albanerpeton inexpectatum,Albanerpeton,Albanerpetontidae,Allocaudata,1217124,52039
Albanerpeton nexuosus,Albanerpeton,Albanerpetontidae,Allocaudata,1147004,42675
Albionbatrachus wightensis,Albionbatrachus,Palaeobatrachidae,Salientia,408688,10613
Ambystoma minshalli,Ambystoma,Ambystomatidae,Urodela,288101,1717
Anakamacops petrolicus,Anakamacops,Dissorophidae,Temnospondyli,789653,28776
Andrias matthewi,Andrias,Cryptobranchidae,Urodela,287370,7566
Anisodexis imbricarius,Anisodexis,Eryopidae,Temnospondyli,1242744,17702
Antarctosuchus polyodon,Antarctosuchus,NA,Temnospondyli,1286789,55307
Apachesaurus gregorii,Apachesaurus,Metoposauridae,Temnospondyli,517579,14122
Apachesaurus gregorii,Apachesaurus,Metoposauridae,Temnospondyli,483852,14122
Apachesaurus gregorii,Apachesaurus,Metoposauridae,Temnospondyli,838836,14122
Apachesaurus gregorii,Apachesaurus,Metoposauridae,Temnospondyli,838889,14122
Apachesaurus gregorii,Apachesaurus,Metoposauridae,Temnospondyli,483857,12930
Aphaneramma rostratum,Aphaneramma,Trematosauridae,Temnospondyli,1131970,46574
Aphaneramma rostratum,Aphaneramma,Trematosauridae,Temnospondyli,1131972,46574
Apodops pricei,Apodops,Caeciliidae,Parabatrachia,832393,31062
Aralobatrachus robustus,Aralobatrachus,Discoglossidae,Salientia,985890,18862
Austropelor wadleyi,Austropelor,Brachyopidae,Temnospondyli,1087049,43613
Banksiops townrowi,Banksiops,Brachyopidae,Temnospondyli,1087659,43692
Banksiops townrowi,Banksiops,Brachyopidae,Temnospondyli,1087669,43692
Bathignathus poikilops,Bathignathus,Brachyopidae,Temnospondyli,1142844,47045
Batrachosuchus concordi,Batrachosuchus,Brachyopidae,Temnospondyli,896224,34187
Batrachosuchus henwoodi,Batrachosuchus,Brachyopidae,Temnospondyli,1087567,43684
Batropetes fritschia,Batropetes,Brachystelechidae,Lepospondyli,789758,28837
Beelzebufo ampinga,Beelzebufo,NA,Salientia,983390,49974
Beelzebufo ampinga,Beelzebufo,NA,Salientia,1192705,49974
Beelzebufo ampinga,Beelzebufo,NA,Salientia,1192714,49974
Beelzebufo ampinga,Beelzebufo,NA,Salientia,1192697,49974
Beelzebufo ampinga,Beelzebufo,NA,Salientia,1192715,49974
Beelzebufo ampinga,Beelzebufo,NA,Salientia,1192712,49974
Beelzebufo ampinga,Beelzebufo,NA,Salientia,1192709,49974
Beelzebufo ampinga,Beelzebufo,NA,Salientia,1192708,49974
Beelzebufo ampinga,Beelzebufo,NA,Salientia,1192706,49974
Beelzebufo ampinga,Beelzebufo,NA,Salientia,1192699,49974
Beelzebufo ampinga,Beelzebufo,NA,Salientia,1192695,49974
Beelzebufo ampinga,Beelzebufo,NA,Salientia,483686,49974
Beelzebufo ampinga,Beelzebufo,NA,Salientia,735475,26523
Beelzebufo ampinga,Beelzebufo,NA,Salientia,1192710,49974
Bishara backa,Bishara,NA,Urodela,639410,19862
Boreosaurus thorslundi,Boreosaurus,Stereospondyli,Temnospondyli,1131978,46574
Boreosaurus thorslundi,Boreosaurus,Stereospondyli,Temnospondyli,1131979,46574
Boreosaurus thorslundi,Boreosaurus,Stereospondyli,Temnospondyli,1131980,46574
Calamops paludosus,Calamops,Capitosauroidea,Temnospondyli,934043,35757
Cardiocephalus sternbergi,Cardiocephalus,Gymnarthridae,Lepospondyli,296149,28484
Cardiocephalus sternbergi,Cardiocephalus,Gymnarthridae,Lepospondyli,788972,28729
Celtedens ibericus,Celtedens,Albanerpetontidae,Allocaudata,1095201,44194
Celtedens megacephalus,Celtedens,Albanerpetontidae,Allocaudata,961500,34432
Chenoprosopus milleri,Chenoprosopus,Cochleosauridae,Temnospondyli,790525,28944
Chomatobatrachus halei,Chomatobatrachus,Lydekkerinidae,Temnospondyli,1087681,43692
Cosgriffius campi,Cosgriffius,Trematosauridae,Temnospondyli,855778,32397
Crossotelos annulatus,Crossotelos,Urocordylidae,Lepospondyli,789052,28758
Cryobatrachus kitchingi,Cryobatrachus,NA,Temnospondyli,1087037,43611
Cryobatrachus kitchingi,Cryobatrachus,NA,Temnospondyli,1087035,43611
Cyclotosaurus ebrachensis,Cyclotosaurus,Capitosauroidea,Temnospondyli,881090,31149
Cyclotosaurus pachygnathus,Cyclotosaurus,Capitosauroidea,Temnospondyli,880679,24929
Cyclotosaurus spitzbergensis,Cyclotosaurus,Capitosauroidea,Temnospondyli,1131961,46568
Cymatorhiza kittsi,Cymatorhiza,Gymnarthridae,Lepospondyli,289336,7597
Dasyceps bucklandi,Dasyceps,Zatracheidae,Temnospondyli,1307512,57259
Deltacephalus whitei,Deltacephalus,Lydekkerinidae,Temnospondyli,1131868,46567
Deltasaurus kimberleyensis,Deltasaurus,Rhytidosteidae,Temnospondyli,1087674,43692
Deltasaurus kimberleyensis,Deltasaurus,Rhytidosteidae,Temnospondyli,1087521,43676
Deltasaurus kimberleyensis,Deltasaurus,Rhytidosteidae,Temnospondyli,1087682,43692
Deltasaurus pustulatus,Deltasaurus,Rhytidosteidae,Temnospondyli,1087524,43676
Dendrerpeton acadianum,Dendrerpeton,NA,Temnospondyli,294225,32300
Dendrerpeton acadianum,Dendrerpeton,NA,Temnospondyli,297337,32315
Derwentia warreni,Derwentia,Derwentiidae,Temnospondyli,1087675,43692
Derwentia warreni,Derwentia,Derwentiidae,Temnospondyli,1087663,43692
Dicamptodon antiquus,Dicamptodon,Dicamptodontidae,Urodela,1072581,42869
Diceratosaurus laevis,Diceratosaurus,Nectridea,Lepospondyli,963874,28743
Diceratosaurus robustus,Diceratosaurus,Nectridea,Lepospondyli,963875,28743
Diplocaulus brevirostris,Diplocaulus,Keraterpetontidae,Lepospondyli,799789,29284
Diplocaulus magnicornis,Diplocaulus,Keraterpetontidae,Lepospondyli,296029,28342
Diplocaulus magnicornis,Diplocaulus,Keraterpetontidae,Lepospondyli,799792,29284
Eolydekkerina magna,Eolydekkerina,Lydekkerinidae,Temnospondyli,1130472,46526
Eopelobates grandis,Eopelobates,Pelobatidae,Salientia,148357,4366
Eorhinophrynus septentrionalis,Eorhinophrynus,Rhinophrynidae,Salientia,521289,2523
Eoscapherpeton asiaticum,Eoscapherpeton,Cryptobranchidae,Urodela,559658,16510
Eryops megacephalus,Eryops,Eryopidae,Temnospondyli,789067,28758
Eryops willistoni,Eryops,Eryopidae,Temnospondyli,787562,28557
Eryosuchus antiquus,Eryosuchus,Capitosauridae,Temnospondyli,877608,28828
Estesina elegans,Estesina,Discoglossidae,Salientia,985910,18862
Eurycephalella alcinae,Eurycephalella,NA,Salientia,832083,31011
Ferganobatrachus riabinini,Ferganobatrachus,NA,Temnospondyli,745315,26886
Ferganobatrachus riabinini,Ferganobatrachus,NA,Temnospondyli,745364,26886
Galverpeton ibericum,Galverpeton,NA,Urodela,632140,19446
Georgenthalia clavinasica,Georgenthalia,Amphibamidae,Temnospondyli,790003,27263
Gobiates asiaticus,Gobiates,Gobiatidae,Salientia,985868,18862
Gobiates kizylkumensis,Gobiates,Gobiatidae,Salientia,559668,16510
Gobiates kizylkumensis,Gobiates,Gobiatidae,Salientia,985870,18862
Gobiates tatarinovi,Gobiates,Gobiatidae,Salientia,985866,18862
Gobiatoides parvus,Gobiatoides,Gobiatidae,Salientia,985876,18862
Gonioglyptus huxleyi,Gonioglyptus,Trematosauridae,Temnospondyli,1307358,57226
Habrosaurus dilatus,Habrosaurus,Sirenidae,Urodela,700811,2236
Habrosaurus dilatus,Habrosaurus,Sirenidae,Urodela,289591,7598
Habrosaurus dilatus,Habrosaurus,Sirenidae,Urodela,520970,829
Habrosaurus dilatus,Habrosaurus,Sirenidae,Urodela,545123,803
Habrosaurus dilatus,Habrosaurus,Sirenidae,Urodela,488260,13103
Habrosaurus dilatus,Habrosaurus,Sirenidae,Urodela,487888,13103
Habrosaurus dilatus,Habrosaurus,Sirenidae,Urodela,488392,13103
Habrosaurus dilatus,Habrosaurus,Sirenidae,Urodela,487906,13103
Habrosaurus dilatus,Habrosaurus,Sirenidae,Urodela,700712,2236
Habrosaurus dilatus,Habrosaurus,Sirenidae,Urodela,545141,803
Habrosaurus dilatus,Habrosaurus,Sirenidae,Urodela,458018,11749
Habrosaurus dilatus,Habrosaurus,Sirenidae,Urodela,650676,2236
Habrosaurus dilatus,Habrosaurus,Sirenidae,Urodela,545462,803
Habrosaurus dilatus,Habrosaurus,Sirenidae,Urodela,700830,2236
Habrosaurus dilatus,Habrosaurus,Sirenidae,Urodela,545128,803
Habrosaurus dilatus,Habrosaurus,Sirenidae,Urodela,458239,11749
Habrosaurus dilatus,Habrosaurus,Sirenidae,Urodela,700773,2236
Habrosaurus dilatus,Habrosaurus,Sirenidae,Urodela,487998,803
Habrosaurus dilatus,Habrosaurus,Sirenidae,Urodela,488976,803
Habrosaurus dilatus,Habrosaurus,Sirenidae,Urodela,480365,13103
Hylerpeton dawsoni,Hylerpeton,Hylonomidae,Lepospondyli,853421,32316
Indobrachyops panchetensis,Indobrachyops,NA,Temnospondyli,1307367,57226
Indobrachyops panchetensis,Indobrachyops,NA,Temnospondyli,1087526,43678
Iridotriton hechti,Iridotriton,NA,Urodela,735582,26530
Isodectes obtusus,Isodectes,Saurerpetontidae,Temnospondyli,788995,28717
Isodectes obtusus,Isodectes,Saurerpetontidae,Temnospondyli,296061,7693
Isodectes obtusus,Isodectes,Saurerpetontidae,Temnospondyli,788994,28740
Jammerbergia formops,Jammerbergia,Mastodonsauridae,Temnospondyli,868561,32693
Kestrosaurus dreyeri,Kestrosaurus,Capitosauridae,Temnospondyli,1134100,46648
Kestrosaurus dreyeri,Kestrosaurus,Capitosauridae,Temnospondyli,1143569,47068
Koskinonodon perfectus,Koskinonodon,Metoposauridae,Temnospondyli,838923,14122
Koskinonodon perfectus,Koskinonodon,Metoposauridae,Temnospondyli,517604,14122
Koskinonodon perfectus,Koskinonodon,Metoposauridae,Temnospondyli,837634,14122
Koskinonodon perfectus,Koskinonodon,Metoposauridae,Temnospondyli,837087,14122
Koskinonodon perfectus,Koskinonodon,Metoposauridae,Temnospondyli,562849,14122
Koskinonodon perfectus,Koskinonodon,Metoposauridae,Temnospondyli,968280,14122
Koskinonodon perfectus,Koskinonodon,Metoposauridae,Temnospondyli,838915,14122
Koskinonodon perfectus,Koskinonodon,Metoposauridae,Temnospondyli,842963,31702
Kryostega collinsoni,Kryostega,Stereospondyli,Temnospondyli,1081098,38098
Labyrinthodon lavisi,Labyrinthodon,Mastodonsauridae,Temnospondyli,811345,29829
Leiocephalikon problematicum,Leiocephalikon,Gymnarthridae,Lepospondyli,297345,7856
Leiopelma miocaenale,Leiopelma,Leiopelmatidae,Salientia,1191062,49851
Liaobatrachus macilentus,Liaobatrachus,NA,Salientia,980986,37781
Llistrofus pricei,Llistrofus,Hapsidopareiontidae,Lepospondyli,629474,28692
Lydekkerina panchetensis,Lydekkerina,Lydekkerinidae,Temnospondyli,1307359,57226
Lyrocephaliscus euri,Lyrocephaliscus,Lyrocephaliscidae,Temnospondyli,1131869,46568
Mahavisaurus australis,Mahavisaurus,Rhytidosteidae,Temnospondyli,1132148,46587
Manubrantlia khaki,Manubrantlia,Lapillopsidae,Temnospondyli,1087562,43681
Marmorerpeton freemani,Marmorerpeton,NA,Urodela,406005,30993
Mastodonsaurus durus,Mastodonsaurus,Metoposauridae,Temnospondyli,934041,15618
Mastodonsaurus giganteus,Mastodonsaurus,NA,Temnospondyli,929803,33823
Mastodonsaurus giganteus,Mastodonsaurus,NA,Temnospondyli,929766,35488
Mastodonsaurus giganteus,Mastodonsaurus,NA,Temnospondyli,929801,33823
Mastodonsaurus torvus,Mastodonsaurus,NA,Temnospondyli,789768,28553
Melosaurus uralensis,Melosaurus,Rachitomi,Temnospondyli,387723,9939
Metoposaurus diagnosticus,Metoposaurus,Metoposauridae,Temnospondyli,930821,35596
Metoposaurus diagnosticus,Metoposaurus,Metoposauridae,Temnospondyli,930388,28828
Metoposaurus diagnosticus,Metoposaurus,Metoposauridae,Temnospondyli,881089,31149
Metoposaurus diagnosticus,Metoposaurus,Metoposauridae,Temnospondyli,930393,27868
Metoposaurus diagnosticus,Metoposaurus,Metoposauridae,Temnospondyli,881085,33402
Metoposaurus diagnosticus,Metoposaurus,Metoposauridae,Temnospondyli,932452,35596
Metoposaurus diagnosticus,Metoposaurus,Metoposauridae,Temnospondyli,930395,27868
Metoposaurus diagnosticus,Metoposaurus,Metoposauridae,Temnospondyli,930387,27868
Metoposaurus jonesi,Metoposaurus,Metoposauridae,Temnospondyli,1080921,37028
Micraroter erythrogeios,Micraroter,Ostodolepidae,Lepospondyli,631444,19411
Micropholis stowi,Micropholis,Amphibamidae,Temnospondyli,1142024,47028
Microposaurus averyi,Microposaurus,Trematosauridae,Temnospondyli,1087247,43647
Microposaurus casei,Microposaurus,Trematosauridae,Temnospondyli,1134114,46648
Montsechobatrachus gaudryi,Montsechobatrachus,NA,Salientia,1184113,49222
Montsechobatrachus gaudryi,Montsechobatrachus,NA,Salientia,1186192,49344
Nannaroter mckinziei,Nannaroter,Ostodolepidae,Lepospondyli,821692,30433
Nannospondylus stewarti,Nannospondylus,Trimerorhachidae,Temnospondyli,287720,4327
Neoprocoela edentatus,Neoprocoela,Leptodactylidae,Salientia,492948,13081
Nigerpeton ricqlesi,Nigerpeton,Cochleosauridae,Temnospondyli,632372,28482
Opisthotriton gidleyi,Opisthotriton,Batrachosauroididae,Urodela,289589,7598
Opisthotriton kayi,Opisthotriton,Batrachosauroididae,Urodela,488028,13103
Opisthotriton kayi,Opisthotriton,Batrachosauroididae,Urodela,819363,13103
Opisthotriton kayi,Opisthotriton,Batrachosauroididae,Urodela,488282,13103
Opisthotriton kayi,Opisthotriton,Batrachosauroididae,Urodela,487910,13103
Opisthotriton kayi,Opisthotriton,Batrachosauroididae,Urodela,487887,13103
Opisthotriton kayi,Opisthotriton,Batrachosauroididae,Urodela,483640,13103
Opisthotriton kayi,Opisthotriton,Batrachosauroididae,Urodela,488262,13103
Opisthotriton kayi,Opisthotriton,Batrachosauroididae,Urodela,1171314,803
Ostodolepis brevispinatus,Ostodolepis,Ostodolepidae,Lepospondyli,296044,30431
Palaeobatrachus occidentalis,Palaeobatrachus,Palaeobatrachidae,Salientia,635838,19691
Palaeobatrachus occidentalis,Palaeobatrachus,Palaeobatrachidae,Salientia,464133,19691
Palaeobatrachus occidentalis,Palaeobatrachus,Palaeobatrachidae,Salientia,1217137,52044
Palaeobatrachus occidentalis,Palaeobatrachus,Palaeobatrachidae,Salientia,545296,19691
Paleoamphiuma tetradactylum,Paleoamphiuma,Amphiumidae,Urodela,784712,28383
Panchetosaurus panchetensis,Panchetosaurus,Trematosauridae,Temnospondyli,1307369,57226
Paracyclotosaurus davidi,Paracyclotosaurus,NA,Temnospondyli,399460,7824
Paracyclotosaurus morganorum,Paracyclotosaurus,NA,Temnospondyli,868560,32693
Paradiscoglossus americanus,Paradiscoglossus,NA,Salientia,635837,19691
Pariotichus brachyops,Pariotichus,Gymnarthridae,Lepospondyli,296037,7693
Parotosuchus orenburgensis,Parotosuchus,Mastodonsauridae,Temnospondyli,1127576,46404
Parotosuchus orientalis,Parotosuchus,NA,Temnospondyli,789760,28844
Pelodosotis elongatum,Pelodosotis,Ostodolepidae,Lepospondyli,821690,28692
Peltobatrachus pustulatus,Peltobatrachus,Stereospondyli,Temnospondyli,1081114,43411
Peltostega erici,Peltostega,NA,Temnospondyli,1131965,46571
Peltostega erici,Peltostega,NA,Temnospondyli,1131983,46575
Peltostega erici,Peltostega,NA,Temnospondyli,1131982,46575
Phlegethontia longissima,Phlegethontia,Phlegethontiidae,Lepospondyli,832388,31059
Phlegethontia longissima,Phlegethontia,Phlegethontiidae,Lepospondyli,832402,31059
Piceoerpeton willwoodense,Piceoerpeton,Scapherpetontidae,Urodela,787823,28586
Plagiosternum danilovi,Plagiosternum,Plagiosauridae,Temnospondyli,789769,28553
Plagiosternum paraboliceps,Plagiosternum,Plagiosauridae,Temnospondyli,877637,28844
Platyoposaurus rickardi,Platyoposaurus,Archegosauridae,Temnospondyli,799681,28553
Platyoposaurus stuckenbergi,Platyoposaurus,Archegosauridae,Temnospondyli,799682,5921
Platyoposaurus vjuschkovi,Platyoposaurus,Archegosauridae,Temnospondyli,382158,9746
Platyoposaurus watsoni,Platyoposaurus,Archegosauridae,Temnospondyli,799672,28553
Platystega depressa,Platystega,Platystegidae,Temnospondyli,1131905,46568
Proacris mintoni,Proacris,Hylidae,Salientia,707384,25661
Procerobatrachus paulus,Procerobatrachus,Discoglossidae,Salientia,985908,18862
Prodesmodon copei,Prodesmodon,Batrachosauroididae,Urodela,488906,13103
Prodesmodon copei,Prodesmodon,Batrachosauroididae,Urodela,488013,803
Prodesmodon copei,Prodesmodon,Batrachosauroididae,Urodela,483641,13103
Prodesmodon copei,Prodesmodon,Batrachosauroididae,Urodela,487856,803
Prodesmodon copei,Prodesmodon,Batrachosauroididae,Urodela,488261,13103
Prodesmodon copei,Prodesmodon,Batrachosauroididae,Urodela,480366,13103
Prosiren elinorae,Prosiren,Prosirenidae,Urodela,289648,7600
Prospea holoserisca,Prospea,Scaphiopodidae,Salientia,1309981,57585
Pseudacris nordensis,Pseudacris,Hylidae,Salientia,286996,7555
Pseudacris nordensis,Pseudacris,Hylidae,Salientia,289939,687
Pseudophlegethontia turnbullorum,Pseudophlegethontia,Pseudophlegethontiidae,Lepospondyli,789748,28830
Rhinesuchus wadiai,Rhinesuchus,Rhinesuchidae,Temnospondyli,1209762,51451
Rileymillerus cosgriffi,Rileymillerus,NA,Temnospondyli,149920,29593
Rotaurisaurus contundo,Rotaurisaurus,Lapillopsidae,Temnospondyli,1087081,43625
Saharastega moradiensis,Saharastega,NA,Temnospondyli,632371,28481
Scapherpeton tectum,Scapherpeton,Scapherpetontidae,Urodela,458175,11749
Scapherpeton tectum,Scapherpeton,Scapherpetontidae,Urodela,458070,11749
Scapherpeton tectum,Scapherpeton,Scapherpetontidae,Urodela,488048,13103
Scapherpeton tectum,Scapherpeton,Scapherpetontidae,Urodela,545139,803
Scapherpeton tectum,Scapherpeton,Scapherpetontidae,Urodela,649695,23573
Scapherpeton tectum,Scapherpeton,Scapherpetontidae,Urodela,545140,803
Scapherpeton tectum,Scapherpeton,Scapherpetontidae,Urodela,457970,11749
Scapherpeton tectum,Scapherpeton,Scapherpetontidae,Urodela,487889,13103
Scapherpeton tectum,Scapherpeton,Scapherpetontidae,Urodela,488233,803
Scapherpeton tectum,Scapherpeton,Scapherpetontidae,Urodela,819356,13103
Scapherpeton tectum,Scapherpeton,Scapherpetontidae,Urodela,545968,803
Scapherpeton tectum,Scapherpeton,Scapherpetontidae,Urodela,488153,13103
Scapherpeton tectum,Scapherpeton,Scapherpetontidae,Urodela,520969,829
Scapherpeton tectum,Scapherpeton,Scapherpetontidae,Urodela,488029,13103
Scapherpeton tectum,Scapherpeton,Scapherpetontidae,Urodela,488110,13103
Scapherpeton tectum,Scapherpeton,Scapherpetontidae,Urodela,487869,13103
Scapherpeton tectum,Scapherpeton,Scapherpetontidae,Urodela,459973,11749
Scapherpeton tectum,Scapherpeton,Scapherpetontidae,Urodela,488875,13103
Scapherpeton tectum,Scapherpeton,Scapherpetontidae,Urodela,458195,11749
Scapherpeton tectum,Scapherpeton,Scapherpetontidae,Urodela,487947,13103
Scapherpeton tectum,Scapherpeton,Scapherpetontidae,Urodela,483599,13103
Sclerothorax hypselonotus,Sclerothorax,Sclerothoracidae,Temnospondyli,1076088,43176
Slaugenhopia texensis,Slaugenhopia,Trimerorhachidae,Temnospondyli,753719,26846
Slaugenhopia texensis,Slaugenhopia,Trimerorhachidae,Temnospondyli,788179,26846
Spea neuter,Spea,Pelobatidae,Salientia,599224,18285
Stanocephalosaurus birdi,Stanocephalosaurus,Mastodonsauridae,Temnospondyli,855632,32377
Stenotosaurus gracilis,Stenotosaurus,Mastodonsauridae,Temnospondyli,882294,33811
Stenotosaurus stantonensis,Stenotosaurus,Mastodonsauridae,Temnospondyli,1264414,10295
Stoschiosaurus nielseni,Stoschiosaurus,Trematosauridae,Temnospondyli,1131047,46549
Subcyclotosaurus brookvalensis,Subcyclotosaurus,Mastodonsauridae,Temnospondyli,1087308,7824
Tambachia trogallas,Tambachia,Trematopidae,Temnospondyli,825283,30596
Tambaroter carrolli,Tambaroter,Ostodolepidae,Lepospondyli,1000938,38771
Tertrema acuta,Tertrema,Trematosauridae,Temnospondyli,1131966,46572
Tertrema acuta,Tertrema,Trematosauridae,Temnospondyli,1131906,46568
Thaumastosaurus wardi,Thaumastosaurus,NA,Salientia,1196377,50285
Tirraturhinus smisseni,Tirraturhinus,Trematosauridae,Temnospondyli,1087082,43627
Triassurus sixtelae,Triassurus,NA,Temnospondyli,970671,37294
Tyrrellbatrachus brinkmani,Tyrrellbatrachus,NA,Salientia,479448,56016
Uberabatrachus carvalhoi,Uberabatrachus,Ceratophryidae,Salientia,1094570,44145
Uruyiella liminea,Uruyiella,Laidleriidae,Temnospondyli,796034,29121
Wantzosaurus elongatus,Wantzosaurus,Trematosauridae,Temnospondyli,1132151,28828
Warrenisuchus aliciae,Warrenisuchus,NA,Temnospondyli,850612,32164
Watsonisuchus rewanensis,Watsonisuchus,NA,Temnospondyli,1087050,43614
Wellesaurus bussoni,Wellesaurus,Heylerosauridae,Temnospondyli,933165,35705
Wellesaurus peabodyi,Wellesaurus,Mastodonsauridae,Temnospondyli,855789,32378
Wetlugasaurus malachovi,Wetlugasaurus,NA,Temnospondyli,847022,32050
Xenobrachyops allos,Xenobrachyops,Brachyopidae,Temnospondyli,1087060,43616
Xenotosuchus africanus,Xenotosuchus,Mastodonsauridae,Temnospondyli,868564,32694
Albanerpeton gracilis,Albanerpeton,Albanerpetontidae,Allocaudata,464660,42675
Albanerpeton inexpectatum,Albanerpeton,Albanerpetontidae,Allocaudata,1217119,52039
Albanerpeton inexpectatum,Albanerpeton,Albanerpetontidae,Allocaudata,1217130,52039
Albanerpeton nexuosus,Albanerpeton,Albanerpetontidae,Allocaudata,291026,42675
Albanerpeton nexuosus,Albanerpeton,Albanerpetontidae,Allocaudata,1070826,42675
Ambystoma minshalli,Ambystoma,Ambystomatidae,Urodela,287793,733
Andrias matthewi,Andrias,Cryptobranchidae,Urodela,707290,25656
Andrias matthewi,Andrias,Cryptobranchidae,Urodela,286986,25657
Andrias matthewi,Andrias,Cryptobranchidae,Urodela,287363,7566
Aralobatrachus robustus,Aralobatrachus,Discoglossidae,Salientia,985891,18862
Aralobatrachus robustus,Aralobatrachus,Discoglossidae,Salientia,985888,18862
Beelzebufo ampinga,Beelzebufo,NA,Salientia,1192704,49974
Beelzebufo ampinga,Beelzebufo,NA,Salientia,1192701,49974
Beelzebufo ampinga,Beelzebufo,NA,Salientia,1192711,49974
Beelzebufo ampinga,Beelzebufo,NA,Salientia,1192713,49974
Chomatobatrachus halei,Chomatobatrachus,Lydekkerinidae,Temnospondyli,1087662,43692
Chomatobatrachus halei,Chomatobatrachus,Lydekkerinidae,Temnospondyli,1087678,43692
Diplocaulus magnicornis,Diplocaulus,Keraterpetontidae,Lepospondyli,799791,29284
Habrosaurus dilatus,Habrosaurus,Sirenidae,Urodela,483633,13103
Habrosaurus dilatus,Habrosaurus,Sirenidae,Urodela,488572,13103
Habrosaurus dilatus,Habrosaurus,Sirenidae,Urodela,458161,11749
Habrosaurus dilatus,Habrosaurus,Sirenidae,Urodela,820671,11749
Marmorerpeton kermacki,Marmorerpeton,NA,Urodela,587332,30976
Opisthotriton kayi,Opisthotriton,Batrachosauroididae,Urodela,459496,5929
Opisthotriton kayi,Opisthotriton,Batrachosauroididae,Urodela,457828,11749
Opisthotriton kayi,Opisthotriton,Batrachosauroididae,Urodela,458094,11749
Opisthotriton kayi,Opisthotriton,Batrachosauroididae,Urodela,488172,803
Opisthotriton kayi,Opisthotriton,Batrachosauroididae,Urodela,488573,13103
Paralatonia transylvanica,Paralatonia,Discoglossidae,Salientia,970477,37254
Piceoerpeton willwoodense,Piceoerpeton,Scapherpetontidae,Urodela,520379,28586
Prodesmodon copei,Prodesmodon,Batrachosauroididae,Urodela,464356,1129
Prodesmodon copei,Prodesmodon,Batrachosauroididae,Urodela,790038,28887
Prosiren elinorae,Prosiren,Prosirenidae,Urodela,289653,7600
Scapherpeton tectum,Scapherpeton,Scapherpetontidae,Urodela,457932,11749
Scapherpeton tectum,Scapherpeton,Scapherpetontidae,Urodela,488407,13103
Scapherpeton tectum,Scapherpeton,Scapherpetontidae,Urodela,488617,13103
Scapherpeton tectum,Scapherpeton,Scapherpetontidae,Urodela,487976,13103
Scapherpeton tectum,Scapherpeton,Scapherpetontidae,Urodela,458004,11749
Scapherpeton tectum,Scapherpeton,Scapherpetontidae,Urodela,458210,11749
Scapherpeton tectum,Scapherpeton,Scapherpetontidae,Urodela,650675,2236
Scapherpeton tectum,Scapherpeton,Scapherpetontidae,Urodela,488869,13103
Tyrrellbatrachus brinkmani,Tyrrellbatrachus,NA,Salientia,459545,56016
Albanerpeton galaktion,Albanerpeton,Albanerpetontidae,Allocaudata,1070838,42675
Albanerpeton nexuosus,Albanerpeton,Albanerpetontidae,Allocaudata,1070837,42675
Apachesaurus gregorii,Apachesaurus,Metoposauridae,Temnospondyli,853403,32312
Beelzebufo ampinga,Beelzebufo,NA,Salientia,1192700,49974
Diplocaulus magnicornis,Diplocaulus,Keraterpetontidae,Lepospondyli,799793,29284
Ferganobatrachus riabinini,Ferganobatrachus,NA,Temnospondyli,745313,26886
Habrosaurus dilatus,Habrosaurus,Sirenidae,Urodela,790037,28887
Habrosaurus dilatus,Habrosaurus,Sirenidae,Urodela,488068,13103
Habrosaurus dilatus,Habrosaurus,Sirenidae,Urodela,649698,23573
Opisthotriton kayi,Opisthotriton,Batrachosauroididae,Urodela,487841,803
Opisthotriton kayi,Opisthotriton,Batrachosauroididae,Urodela,488008,803
Paradiscoglossus americanus,Paradiscoglossus,NA,Salientia,635836,19691
Peronedon primus,Peronedon,Keraterpetontidae,Lepospondyli,631440,30419
Prosiren elinorae,Prosiren,Prosirenidae,Urodela,289725,42824
Prosiren elinorae,Prosiren,Prosirenidae,Urodela,289739,7600
Prosiren elinorae,Prosiren,Prosirenidae,Urodela,289605,7600
Scapherpeton tectum,Scapherpeton,Scapherpetontidae,Urodela,488281,13103
Scapherpeton tectum,Scapherpeton,Scapherpetontidae,Urodela,488014,803
Scapherpeton tectum,Scapherpeton,Scapherpetontidae,Urodela,457885,11749
Thaumastosaurus wardi,Thaumastosaurus,NA,Salientia,1196567,50285
Albanerpeton gracilis,Albanerpeton,Albanerpetontidae,Allocaudata,464812,42675
Albanerpeton inexpectatum,Albanerpeton,Albanerpetontidae,Allocaudata,1217125,52039
Bakonybatrachus fedori,Bakonybatrachus,Discoglossidae,Salientia,1010383,39482
Cyclotosaurus pachygnathus,Cyclotosaurus,Capitosauroidea,Temnospondyli,558339,9050
Opisthotriton kayi,Opisthotriton,Batrachosauroididae,Urodela,479581,5929
Opisthotriton kayi,Opisthotriton,Batrachosauroididae,Urodela,479400,5929
Prodesmodon copei,Prodesmodon,Batrachosauroididae,Urodela,149340,4381
Scapherpeton tectum,Scapherpeton,Scapherpetontidae,Urodela,483532,13103
Scapherpeton tectum,Scapherpeton,Scapherpetontidae,Urodela,488174,803
Scapherpeton tectum,Scapherpeton,Scapherpetontidae,Urodela,488240,13103
Scapherpeton tectum,Scapherpeton,Scapherpetontidae,Urodela,790036,28887
Beelzebufo ampinga,Beelzebufo,NA,Salientia,1192702,49974
Cyclotosaurus intermedius,Cyclotosaurus,Capitosauroidea,Temnospondyli,584069,17717
Eodiscoglossus santonjae,Eodiscoglossus,Discoglossidae,Salientia,632142,19446
Eryosuchus tverdochlebovi,Eryosuchus,Capitosauroidea,Temnospondyli,877596,28828
Opisthotriton kayi,Opisthotriton,Batrachosauroididae,Urodela,458237,11749
Opisthotriton kayi,Opisthotriton,Batrachosauroididae,Urodela,790035,28887
Opisthotriton kayi,Opisthotriton,Batrachosauroididae,Urodela,458159,11749
Prodesmodon copei,Prodesmodon,Batrachosauroididae,Urodela,383941,9765
Scapherpeton tectum,Scapherpeton,Scapherpetontidae,Urodela,790061,28887
Scapherpeton tectum,Scapherpeton,Scapherpetontidae,Urodela,362609,9017
Scapherpeton tectum,Scapherpeton,Scapherpetontidae,Urodela,362578,9017
Ambystoma minshalli,Ambystoma,Ambystomatidae,Urodela,286988,25657
Opisthotriton kayi,Opisthotriton,Batrachosauroididae,Urodela,383940,9765
Pseudobranchus robustus,Pseudobranchus,Sirenidae,Urodela,1200530,50692
Urupia monstrosa,Urupia,NA,Urodela,1005036,38941
Callistomordax kugleri,Callistomordax,NA,Temnospondyli,929795,34642
Eryosuchus tverdochlebovi,Eryosuchus,Capitosauroidea,Temnospondyli,299698,28553
Piceoerpeton willwoodense,Piceoerpeton,Scapherpetontidae,Urodela,462999,28586
Scapherpeton tectum,Scapherpeton,Scapherpetontidae,Urodela,458095,11749
Sillerpeton permianum,Sillerpeton,Phlegethontiidae,Lepospondyli,629471,31052
Tryphosuchus kinelensis,Tryphosuchus,Melosauridae,Temnospondyli,382159,9746
Diplocaulus copei,Diplocaulus,Keraterpetontidae,Lepospondyli,296113,7693
Opisthotriton kayi,Opisthotriton,Batrachosauroididae,Urodela,790060,28887
Opisthotriton kayi,Opisthotriton,Batrachosauroididae,Urodela,480327,5929
Scapherpeton tectum,Scapherpeton,Scapherpetontidae,Urodela,488393,13103
Scapherpeton tectum,Scapherpeton,Scapherpetontidae,Urodela,458120,11749
Trimerorhachis mesops,Trimerorhachis,NA,Temnospondyli,296028,7693
Diplocaulus recurvatus,Diplocaulus,Keraterpetontidae,Lepospondyli,748679,26927
Opisthotriton kayi,Opisthotriton,Batrachosauroididae,Urodela,479646,5929
Scapherpeton tectum,Scapherpeton,Scapherpetontidae,Urodela,820670,11749
Scapherpeton tectum,Scapherpeton,Scapherpetontidae,Urodela,488571,13103
Habrosaurus dilatus,Habrosaurus,Sirenidae,Urodela,464352,1129
Scapherpeton tectum,Scapherpeton,Scapherpetontidae,Urodela,362630,9017
Scapherpeton tectum,Scapherpeton,Scapherpetontidae,Urodela,459495,5929
Kokartus honorarius,Kokartus,Karauridae,Urodela,745365,19868
Scapherpeton tectum,Scapherpeton,Scapherpetontidae,Urodela,362733,9017
Scapherpeton tectum,Scapherpeton,Scapherpetontidae,Urodela,458017,11749
Scapherpeton tectum,Scapherpeton,Scapherpetontidae,Urodela,458031,11749
Ophiderpeton swisshelmense,Ophiderpeton,Ophiderpetontidae,Lepospondyli,832560,31089
Opisthotriton kayi,Opisthotriton,Batrachosauroididae,Urodela,479502,5929
Scapherpeton tectum,Scapherpeton,Scapherpetontidae,Urodela,362140,9017
Vigilius wellesi,Vigilius,Brachyopidae,Temnospondyli,856130,32401
Opisthotriton kayi,Opisthotriton,Batrachosauroididae,Urodela,479450,5929
Beelzebufo ampinga,Beelzebufo,NA,Salientia,1192703,49974
Scapherpeton tectum,Scapherpeton,Scapherpetontidae,Urodela,458238,11749
Cacops aspidephorus,Cacops,Dissorophidae,Temnospondyli,296056,7693
Mastodonsaurus giganteus,Mastodonsaurus,NA,Temnospondyli,906412,33823
Opisthotriton kayi,Opisthotriton,Batrachosauroididae,Urodela,479616,5929
Scapherpeton tectum,Scapherpeton,Scapherpetontidae,Urodela,479399,5929
Opisthotriton kayi,Opisthotriton,Batrachosauroididae,Urodela,479733,15455
Arizonerpeton wellsi,Arizonerpeton,Nectridea,Lepospondyli,832564,31089
Scapherpeton tectum,Scapherpeton,Scapherpetontidae,Urodela,458057,11749
Scapherpeton tectum,Scapherpeton,Scapherpetontidae,Urodela,362547,9017
Scapherpeton tectum,Scapherpeton,Scapherpetontidae,Urodela,479580,5929
Scapherpeton tectum,Scapherpeton,Scapherpetontidae,Urodela,458160,11749
Opisthotriton kayi,Opisthotriton,Batrachosauroididae,Urodela,479793,5929
Koskinonodon perfectus,Koskinonodon,Metoposauridae,Temnospondyli,968279,37120
Scapherpeton tectum,Scapherpeton,Scapherpetontidae,Urodela,480326,5929
Noterpeton bolivianum,Noterpeton,Sirenidae,Urodela,146068,4284
Opisthotriton kayi,Opisthotriton,Batrachosauroididae,Urodela,459311,5929
Opisthotriton kayi,Opisthotriton,Batrachosauroididae,Urodela,459519,5929
Opisthotriton kayi,Opisthotriton,Batrachosauroididae,Urodela,459574,5929
Scapherpeton tectum,Scapherpeton,Scapherpetontidae,Urodela,363220,9017
Opisthotriton kayi,Opisthotriton,Batrachosauroididae,Urodela,459547,5929
Latonia seyfriedi,Latonia,Discoglossidae,Salientia,472481,12472
Scapherpeton tectum,Scapherpeton,Scapherpetontidae,Urodela,363648,9017
Opisthotriton kayi,Opisthotriton,Batrachosauroididae,Urodela,479476,5929
Opisthotriton kayi,Opisthotriton,Batrachosauroididae,Urodela,479704,5929
Opisthotriton kayi,Opisthotriton,Batrachosauroididae,Urodela,459334,5929
Opisthotriton kayi,Opisthotriton,Batrachosauroididae,Urodela,480288,5929
Opisthotriton kayi,Opisthotriton,Batrachosauroididae,Urodela,461760,11964
Scapherpeton tectum,Scapherpeton,Scapherpetontidae,Urodela,362675,9017
Scapherpeton tectum,Scapherpeton,Scapherpetontidae,Urodela,459310,5929
Scapherpeton tectum,Scapherpeton,Scapherpetontidae,Urodela,479645,5929
Opisthotriton kayi,Opisthotriton,Batrachosauroididae,Urodela,479767,5929
Scapherpeton tectum,Scapherpeton,Scapherpetontidae,Urodela,220117,5929
Scapherpeton tectum,Scapherpeton,Scapherpetontidae,Urodela,479449,5929
Scapherpeton tectum,Scapherpeton,Scapherpetontidae,Urodela,479615,5929
Scapherpeton tectum,Scapherpeton,Scapherpetontidae,Urodela,480287,5929
Scapherpeton tectum,Scapherpeton,Scapherpetontidae,Urodela,459546,5929
Scapherpeton tectum,Scapherpeton,Scapherpetontidae,Urodela,459518,5929
Scapherpeton tectum,Scapherpeton,Scapherpetontidae,Urodela,479475,5929
Scapherpeton tectum,Scapherpeton,Scapherpetontidae,Urodela,220123,5929
Scapherpeton tectum,Scapherpeton,Scapherpetontidae,Urodela,479703,5929
Scapherpeton tectum,Scapherpeton,Scapherpetontidae,Urodela,479501,5929
Scapherpeton tectum,Scapherpeton,Scapherpetontidae,Urodela,362384,9017
Scapherpeton tectum,Scapherpeton,Scapherpetontidae,Urodela,459573,5929
Scapherpeton tectum,Scapherpeton,Scapherpetontidae,Urodela,459333,5929
Eocyclotosaurus wellesi,Eocyclotosaurus,Capitosauroidea,Temnospondyli,855795,32378
Horezmia gracile,Horezmia,Scapherpetontidae,Urodela,984091,19868
Opisthotriton kayi,Opisthotriton,Batrachosauroididae,Urodela,520524,14358
Opisthotriton kayi,Opisthotriton,Batrachosauroididae,Urodela,649697,23573
Opisthotriton kayi,Opisthotriton,Batrachosauroididae,Urodela,1147404,1535
Opisthotriton kayi,Opisthotriton,Batrachosauroididae,Urodela,289588,7598
Prodesmodon copei,Prodesmodon,Batrachosauroididae,Urodela,1147405,1535
Prosiren elinorae,Prosiren,Prosirenidae,Urodela,289634,7600
Scapherpeton tectum,Scapherpeton,Scapherpetontidae,Urodela,479732,15455
Scapherpeton tectum,Scapherpeton,Scapherpetontidae,Urodela,463035,12049
Scapherpeton tectum,Scapherpeton,Scapherpetontidae,Urodela,1147403,1535
Scapherpeton tectum,Scapherpeton,Scapherpetontidae,Urodela,521027,1921
Scaphiopus wardorum,Scaphiopus,Pelobatidae,Salientia,289375,687
Bolterpeton carrolli,Bolterpeton,Gymnarthridae,Lepospondyli,1019911,40439
Cacops morrisi,Cacops,Dissorophidae,Temnospondyli,629466,34955
Cardiocephalus sternbergi,Cardiocephalus,Gymnarthridae,Lepospondyli,296032,28751
Cricotillus brachydens,NA,NA,NA,739043,26635
Fayella chickashaensis,Fayella,NA,Temnospondyli,287732,4327
Ferganobatrachus riabinini,Ferganobatrachus,NA,Temnospondyli,391662,10054
Habrosaurus dilatus,Habrosaurus,Sirenidae,Urodela,691906,727
Isodectes punctulatus,Isodectes,Saurerpetontidae,Temnospondyli,1252544,28740
Kababisha humarensis,Kababisha,Sirenidae,Urodela,403049,38087
Mastodonsaurus giganteus,Mastodonsaurus,NA,Temnospondyli,929802,33823
Micropholis stowi,Micropholis,Amphibamidae,Temnospondyli,1134120,46658
Pasawioops mayi,Pasawioops,Amphibamidae,Temnospondyli,825243,30585
Prodiscoglossus vertaizoni,Prodiscoglossus,Discoglossidae,Salientia,831819,30969
Rewana quadricuneata,Rewana,Derwentiidae,Temnospondyli,1087061,43617
Scapherpeton tectum,Scapherpeton,Scapherpetontidae,Urodela,483643,13103
Sclerothorax hypselonotus,Sclerothorax,Sclerothoracidae,Temnospondyli,1076089,43178
Trematosuchus sobeyi,Trematosuchus,Trematosauridae,Temnospondyli,1134137,46664
Prodesmodon copei,Prodesmodon,Batrachosauroididae,Urodela,468934,3008
Saevesoederberghia egredia,Saevesoederberghia,Discoglossidae,Salientia,985895,18862
Cyclotosaurus leptognathus,Cyclotosaurus,Capitosauroidea,Temnospondyli,558338,9050
Acheloma dunni,Acheloma,Trematopidae,Temnospondyli,930782,35587
Prodesmodon copei,Prodesmodon,Batrachosauroididae,Urodela,488195,803
Kestrosaurus kitchingi,Kestrosaurus,Capitosauridae,Temnospondyli,1142840,47080
Aralobatrachus robustus,Aralobatrachus,Discoglossidae,Salientia,985889,18862
Chomatobatrachus halei,Chomatobatrachus,Lydekkerinidae,Temnospondyli,1087673,43692
Koolasuchus cleelandi,Koolasuchus,Chigutisauridae,Temnospondyli,1091320,43863
Prodesmodon copei,Prodesmodon,Batrachosauroididae,Urodela,487850,803
Phlegethontia longissima,Phlegethontia,Phlegethontiidae,Lepospondyli,832390,31059
Diplocaulus magnicornis,Diplocaulus,Keraterpetontidae,Lepospondyli,296030,17702
Aygroua anoualensis,Aygroua,NA,Salientia,981556,37819
Salamandra sansaniensis,Salamandra,Salamandridae,Urodela,451681,11647
Scapherpeton tectum,Scapherpeton,Scapherpetontidae,Urodela,488083,13103
Habrosaurus dilatus,Habrosaurus,Sirenidae,Urodela,464127,803
Scapherpeton tectum,Scapherpeton,Scapherpetontidae,Urodela,362344,9017
Scapherpeton tectum,Scapherpeton,Scapherpetontidae,Urodela,362170,9017
Scapherpeton tectum,Scapherpeton,Scapherpetontidae,Urodela,362783,9017
Diplocaulus magnicornis,Diplocaulus,Keraterpetontidae,Lepospondyli,799788,29284
Diplocaulus minimus,Diplocaulus,Keraterpetontidae,Lepospondyli,814096,30045
Oligosemia spinosa,Oligosemia,Salamandridae,Urodela,832076,11708
Piceoerpeton willwoodense,Piceoerpeton,Scapherpetontidae,Urodela,787820,28586
Rubricacaecilia monbaroni,Rubricacaecilia,NA,Parabatrachia,516608,38086
Opisthotriton kayi,Opisthotriton,Batrachosauroididae,Urodela,291027,717
Albanerpeton inexpectatum,Albanerpeton,Albanerpetontidae,Allocaudata,1144038,52039
Albanerpeton nexuosus,Albanerpeton,Albanerpetontidae,Allocaudata,1070834,42675
Kiyatriton leshchinskiyi,Kiyatriton,NA,Urodela,520780,14369
Wesserpeton evansae,Wesserpeton,Albanerpetontidae,Allocaudata,1071681,42838
Apachesaurus gregorii,Apachesaurus,Metoposauridae,Temnospondyli,778945,14122
Scapherpeton tectum,Scapherpeton,Scapherpetontidae,Urodela,291024,717
Albanerpeton inexpectatum,Albanerpeton,Albanerpetontidae,Allocaudata,1091851,43888
Albanerpeton arthridion,Albanerpeton,Albanerpetontidae,Allocaudata,721129,39274
Albanerpeton nexuosus,Albanerpeton,Albanerpetontidae,Allocaudata,1070829,42675
Habrosaurus dilatus,Habrosaurus,Sirenidae,Urodela,488164,803
Habrosaurus dilatus,Habrosaurus,Sirenidae,Urodela,1071592,1535
Cardiocephalus peabodyi,Cardiocephalus,Gymnarthridae,Lepospondyli,629472,28692
Ambystoma minshalli,Ambystoma,Ambystomatidae,Urodela,289373,705
Scapherpeton tectum,Scapherpeton,Scapherpetontidae,Urodela,458272,11749
Diplocaulus brevirostris,Diplocaulus,Keraterpetontidae,Lepospondyli,799787,29284
Scapherpeton tectum,Scapherpeton,Scapherpetontidae,Urodela,464354,1129
Nesovtriton mynbulakensis,Nesovtriton,NA,Urodela,841558,31565
Trimerorhachis insignis,Trimerorhachis,NA,Temnospondyli,787561,28557
Albanerpeton nexuosus,Albanerpeton,Albanerpetontidae,Allocaudata,1070825,42765
Albanerpeton arthridion,Albanerpeton,Albanerpetontidae,Allocaudata,721130,26201
Scaphiopus wardorum,Scaphiopus,Pelobatidae,Salientia,286989,7565
Pachycentrata taqueti,Pachycentrata,NA,Salientia,487238,31023
Habrosaurus dilatus,Habrosaurus,Sirenidae,Urodela,487827,803
Sunnybatrachus purbeckensis,Sunnybatrachus,NA,Salientia,301086,30987
Scapherpeton tectum,Scapherpeton,Scapherpetontidae,Urodela,464129,803
Scapherpeton tectum,Scapherpeton,Scapherpetontidae,Urodela,480364,13103
Scapherpeton tectum,Scapherpeton,Scapherpetontidae,Urodela,461896,11964
Euryodus primus,Euryodus,NA,Lepospondyli,795226,28484
Micropholis stowi,Micropholis,Amphibamidae,Temnospondyli,1134117,46658
Kababisha sudanensis,Kababisha,Sirenidae,Urodela,403154,38087
Elkobatrachus brocki,Elkobatrachus,Pelobatidae,Salientia,1081417,42424
Opisthotriton kayi,Opisthotriton,Batrachosauroididae,Urodela,458056,11749
Eryops megacephalus,Eryops,Eryopidae,Temnospondyli,787580,28557
Palaeoproteus gallicus,Palaeoproteus,Batrachosauroididae,Urodela,986697,38121
Hungarobatrachus szukacsi,Hungarobatrachus,NA,Salientia,486501,38712
Opisthotriton kayi,Opisthotriton,Batrachosauroididae,Urodela,464353,1129
Marmorerpeton kermacki,Marmorerpeton,NA,Urodela,405982,30993
Opisthotriton kayi,Opisthotriton,Batrachosauroididae,Urodela,464128,803
Scapherpeton tectum,Scapherpeton,Scapherpetontidae,Urodela,362032,9017
Peronedon primus,Peronedon,Keraterpetontidae,Lepospondyli,739844,26635
Scapherpeton tectum,Scapherpeton,Scapherpetontidae,Urodela,487905,13103
Kokartus honorarius,Kokartus,Karauridae,Urodela,745361,26886
Microbrachis pelikani,Microbrachis,NA,Lepospondyli,789756,28832
Chomatobatrachus halei,Chomatobatrachus,Lydekkerinidae,Temnospondyli,1087660,43692
Koskinonodon perfectus,Koskinonodon,Metoposauridae,Temnospondyli,838888,14122
Palaeobatrachus robustus,Palaeobatrachus,Palaeobatrachidae,Salientia,1088285,43730
Opisthotriton kayi,Opisthotriton,Batrachosauroididae,Urodela,488081,13103
Hapsidopareion lepton,Hapsidopareion,Hapsidopareiontidae,Lepospondyli,631443,19411
Metoposaurus algarvensis,Metoposaurus,Metoposauridae,Temnospondyli,773340,54714
Prodesmodon copei,Prodesmodon,Batrachosauroididae,Urodela,464158,803
Banksiops townrowi,Banksiops,Brachyopidae,Temnospondyli,1087679,43692
Koskinonodon perfectus,Koskinonodon,Metoposauridae,Temnospondyli,667875,24339
Callistomordax kugleri,Callistomordax,NA,Temnospondyli,906409,34642
Czatkobatrachus polonicus,Czatkobatrachus,NA,Salientia,401594,10335
Scapherpeton tectum,Scapherpeton,Scapherpetontidae,Urodela,487852,803
Habrosaurus dilatus,Habrosaurus,Sirenidae,Urodela,149311,4381
Eryosuchus tverdochlebovi,Eryosuchus,Capitosauroidea,Temnospondyli,877600,28828
Wesserpeton evansae,Wesserpeton,Albanerpetontidae,Allocaudata,1071682,42838
Goniorhynchus stovalli,Goniorhynchus,Gymnarthridae,Lepospondyli,739842,26635
Trimerorhachis rogersi,Trimerorhachis,NA,Temnospondyli,786933,28508
Opisthotriton kayi,Opisthotriton,Batrachosauroididae,Urodela,362031,9017
Lysorophus tricarinatus,Lysorophus,Lysorophidae,Lepospondyli,739843,26635
Tersomius mosesi,Tersomius,Amphibamidae,Temnospondyli,739841,26635
Albanerpeton nexuosus,Albanerpeton,Albanerpetontidae,Allocaudata,1146991,42675
Bothriceps australis,Bothriceps,Brachyopidae,Temnospondyli,1087685,43698
Albanerpeton arthridion,Albanerpeton,Albanerpetontidae,Allocaudata,520894,1219
Cyclotosaurus robustus,Cyclotosaurus,Capitosauroidea,Temnospondyli,930391,28828
Oumtkoutia anae,Oumtkoutia,Pipidae,Salientia,970962,29589
Spea neuter,Spea,Pelobatidae,Salientia,1081422,43427
Balanerpeton woodi,Balanerpeton,NA,Temnospondyli,220215,42475
Eodiscoglossus oxoniensis,Eodiscoglossus,Discoglossidae,Salientia,405980,10560
Celtedens megacephalus,Celtedens,Albanerpetontidae,Allocaudata,632110,47097
Saltenia ibanezi,Saltenia,Pipidae,Salientia,1072618,42876
Liaoxitriton zhongjiani,Liaoxitriton,NA,Urodela,831964,30989
Albanerpeton gracilis,Albanerpeton,Albanerpetontidae,Allocaudata,461898,42675
Anoualerpeton priscus,Anoualerpeton,Albanerpetontidae,Allocaudata,405981,30986
Apricosiren ensomi,Apricosiren,NA,Urodela,301084,30987
Scapherpeton tectum,Scapherpeton,Scapherpetontidae,Urodela,149313,4381
Laccotriton subsolanus,Laccotriton,NA,Urodela,831986,37812
Opisthotriton kayi,Opisthotriton,Batrachosauroididae,Urodela,149312,4381
Pelobates fahlbuschi,Pelobates,Pelobatidae,Salientia,1091857,43888
Vulcanobatrachus mandelai,Vulcanobatrachus,NA,Salientia,537761,15044
Benthosuchus sushkini,Benthosuchus,NA,Temnospondyli,840357,28844
Benthosuchus uralensis,Benthosuchus,NA,Temnospondyli,846842,28844
Capitosaurus arenaceus,Capitosaurus,Mastodonsauridae,Temnospondyli,882302,33819
Capitosaurus polaris,Capitosaurus,Mastodonsauridae,Temnospondyli,1131960,46568
Albanerpeton galaktion,Albanerpeton,Albanerpetontidae,Allocaudata,1070839,42675
Albanerpeton inexpectatum,Albanerpeton,Albanerpetontidae,Allocaudata,1217122,52039
Anconastes vesperus,Anconastes,Trematopidae,Temnospondyli,146665,4336
Apachesaurus gregorii,Apachesaurus,Metoposauridae,Temnospondyli,842143,14122
Eocyclotosaurus wellesi,Eocyclotosaurus,Capitosauroidea,Temnospondyli,855740,32381
Estesina elegans,Estesina,Discoglossidae,Salientia,985909,18862
Indolyrocephalus panchetensis,Indolyrocephalus,Trematosauria,Temnospondyli,1307356,57226
Leiopelma acricarina,Leiopelma,Leiopelmatidae,Salientia,1192636,49851
Lyrocephaliscus euri,Lyrocephaliscus,Lyrocephaliscidae,Temnospondyli,1131973,46574
Nigerpeton ricqlesi,Nigerpeton,Cochleosauridae,Temnospondyli,789101,28482
Pachygonia incurvata,Pachygonia,Stereospondylomorpha,Temnospondyli,1088559,17140
Rewana myriadens,Rewana,Derwentiidae,Temnospondyli,1087070,43619
Rhinesuchus wolgodvinensis,Rhinesuchus,Rhinesuchidae,Temnospondyli,1221320,52186
Vanastega plurimidens,Vanastega,Brachyopidae,Temnospondyli,868562,32694
Watsonisuchus gunganj,Watsonisuchus,NA,Temnospondyli,1087055,43614
Albanerpeton gracilis,Albanerpeton,Albanerpetontidae,Allocaudata,1069421,42675
Calmasuchus acri,Calmasuchus,NA,Temnospondyli,908229,34744
Cryobatrachus kitchingi,Cryobatrachus,NA,Temnospondyli,1087032,43611
Dissorophus multicinctus,Dissorophus,Dissorophidae,Temnospondyli,296025,54069
Ferganobatrachus riabinini,Ferganobatrachus,NA,Temnospondyli,587948,17892
Kizylkuma antiqua,Kizylkuma,Discoglossidae,Salientia,985885,18862
Koskinonodon perfectus,Koskinonodon,Metoposauridae,Temnospondyli,229336,14122
Koskinonodon perfectus,Koskinonodon,Metoposauridae,Temnospondyli,778963,37120
Koskinonodon perfectus,Koskinonodon,Metoposauridae,Temnospondyli,406870,14122
Apachesaurus gregorii,Apachesaurus,Metoposauridae,Temnospondyli,782139,14122
Aphaneramma rostratum,Aphaneramma,Trematosauridae,Temnospondyli,1131971,46574
Ophiderpeton kirktonense,Ophiderpeton,Ophiderpetontidae,Lepospondyli,1064711,42474
Trimerorhachis insignis,Trimerorhachis,NA,Temnospondyli,296057,7693
Aphaneramma rostratum,Aphaneramma,Trematosauridae,Temnospondyli,1131904,46568
Eodiscoglossus santonjae,Eodiscoglossus,Discoglossidae,Salientia,1280846,19446
Metoposaurus diagnosticus,Metoposaurus,Metoposauridae,Temnospondyli,930385,43878
Nanolania anatopretia,Nanolania,Rhytidosteidae,Temnospondyli,1087080,43624
Deltasaurus kimberleyensis,Deltasaurus,Rhytidosteidae,Temnospondyli,1087519,43676
Diplocaulus magnicornis,Diplocaulus,Keraterpetontidae,Lepospondyli,296088,9228
Gobiops desertus,Gobiops,Brachyopidae,Temnospondyli,474466,43872
Phlegethontia longissima,Phlegethontia,Phlegethontiidae,Lepospondyli,789747,28829
Opisthotriton kayi,Opisthotriton,Batrachosauroididae,Urodela,464777,11964
Scapherpeton tectum,Scapherpeton,Scapherpetontidae,Urodela,461822,11964
Opisthotriton kayi,Opisthotriton,Batrachosauroididae,Urodela,464811,11964
Opisthotriton kayi,Opisthotriton,Batrachosauroididae,Urodela,462889,11964
Opisthotriton kayi,Opisthotriton,Batrachosauroididae,Urodela,464621,11964
Opisthotriton kayi,Opisthotriton,Batrachosauroididae,Urodela,462921,11964
Scapherpeton tectum,Scapherpeton,Scapherpetontidae,Urodela,462920,11964
Opisthotriton kayi,Opisthotriton,Batrachosauroididae,Urodela,461823,11964
Opisthotriton kayi,Opisthotriton,Batrachosauroididae,Urodela,464738,11964
Opisthotriton kayi,Opisthotriton,Batrachosauroididae,Urodela,461931,11964
Scapherpeton tectum,Scapherpeton,Scapherpetontidae,Urodela,461759,11964
Albanerpeton inexpectatum,Albanerpeton,Albanerpetontidae,Allocaudata,1148300,47304
Opisthotriton kayi,Opisthotriton,Batrachosauroididae,Urodela,463939,11964
Scapherpeton tectum,Scapherpeton,Scapherpetontidae,Urodela,461930,11964
Opisthotriton kayi,Opisthotriton,Batrachosauroididae,Urodela,461897,11964
Scapherpeton tectum,Scapherpeton,Scapherpetontidae,Urodela,464810,11964
Scapherpeton tectum,Scapherpeton,Scapherpetontidae,Urodela,462888,11964
Scapherpeton tectum,Scapherpeton,Scapherpetontidae,Urodela,464620,11964
Scapherpeton tectum,Scapherpeton,Scapherpetontidae,Urodela,463938,11964
Opisthotriton kayi,Opisthotriton,Batrachosauroididae,Urodela,463867,11964
Scapherpeton tectum,Scapherpeton,Scapherpetontidae,Urodela,464776,11964
Opisthotriton kayi,Opisthotriton,Batrachosauroididae,Urodela,461860,11964
Parotosuchus speleus,Parotosuchus,NA,Temnospondyli,401598,38008
Scapherpeton tectum,Scapherpeton,Scapherpetontidae,Urodela,464691,11964
Scapherpeton tectum,Scapherpeton,Scapherpetontidae,Urodela,464737,11964
Scapherpeton tectum,Scapherpeton,Scapherpetontidae,Urodela,463858,11964
Opisthotriton kayi,Opisthotriton,Batrachosauroididae,Urodela,463901,11964
Opisthotriton kayi,Opisthotriton,Batrachosauroididae,Urodela,464692,11964
Scapherpeton tectum,Scapherpeton,Scapherpetontidae,Urodela,461856,11964
Opisthotriton kayi,Opisthotriton,Batrachosauroididae,Urodela,463801,11964
Scapherpeton tectum,Scapherpeton,Scapherpetontidae,Urodela,463800,11964
Opisthotriton kayi,Opisthotriton,Batrachosauroididae,Urodela,461715,11964
Scapherpeton tectum,Scapherpeton,Scapherpetontidae,Urodela,461712,11964
Scapherpeton tectum,Scapherpeton,Scapherpetontidae,Urodela,464658,11964
Opisthotriton kayi,Opisthotriton,Batrachosauroididae,Urodela,464659,11964
Scapherpeton tectum,Scapherpeton,Scapherpetontidae,Urodela,463900,11964
Scapherpeton tectum,Scapherpeton,Scapherpetontidae,Urodela,462958,11964
Opisthotriton kayi,Opisthotriton,Batrachosauroididae,Urodela,462959,11964
Acanthostomatops vorax,Acanthostomatops,Zatracheidae,Temnospondyli,517732,14125
Ambystoma minshalli,Ambystoma,Ambystomatidae,Urodela,288058,7574
Ambystoma minshalli,Ambystoma,Ambystomatidae,Urodela,287339,7565
Amphibiopodiscus saltator,Amphibiopodiscus,NA,NA,780899,28154
Angusaurus tsylmensis,Angusaurus,Benthosuchidae,Temnospondyli,411695,10285
Anoualerpeton unicus,Anoualerpeton,Albanerpetontidae,Allocaudata,463336,30986
Apachesaurus gregorii,Apachesaurus,Metoposauridae,Temnospondyli,149923,29602
Apachesaurus gregorii,Apachesaurus,Metoposauridae,Temnospondyli,572544,14122
Apachesaurus gregorii,Apachesaurus,Metoposauridae,Temnospondyli,842080,14122
Apateon gracilis,Apateon,Branchiosauridae,Temnospondyli,517730,14125
Aphaneramma rostratum,Aphaneramma,Trematosauridae,Temnospondyli,1131900,46568
Aphaneramma rostratum,Aphaneramma,Trematosauridae,Temnospondyli,1131902,46568
Aphaneramma rostratum,Aphaneramma,Trematosauridae,Temnospondyli,1131899,46568
Baphetes orientalis,NA,NA,NA,1311120,57720
Batrachopodiscus curvus,Batrachopodiscus,NA,NA,780872,28154
Batrachopodiscus quthingensis,Batrachopodiscus,NA,NA,780866,28154
Batrachopodiscus tsanatalani,Batrachopodiscus,NA,NA,780873,28154
Benthosuchus korobkovi,Benthosuchus,NA,Temnospondyli,1113545,45815
Branchierpeton amblystomum,Branchierpeton,Micromelerpetontidae,Temnospondyli,517731,14125
Branchiosaurus umbrosus,Branchiosaurus,Branchiosauridae,Temnospondyli,559541,15696
Broiliellus novomexicanus,Broiliellus,Dissorophidae,Temnospondyli,788204,28637
Broiliellus peltatus,Broiliellus,Dissorophidae,Temnospondyli,296084,7693
Bufo kuhrei,Bufo,Bufonidae,Salientia,286993,706
Bufo linquensis,Bufo,Bufonidae,Salientia,540502,15140
Chelomophrynus bayi,Chelomophrynus,Rhinophrynidae,Salientia,699479,5676
Chunerpeton tianyiensis,Chunerpeton,Cryptobranchidae,Urodela,1195873,50313
Cochleosaurus florensis,Cochleosaurus,Cochleosauridae,Temnospondyli,1314660,58037
Conjunctio multidens,Conjunctio,Dissorophidae,Temnospondyli,1301297,56628
Cratia gracilis,Cratia,NA,Salientia,832084,31011
Crossotelos annulatus,Crossotelos,Urocordylidae,Lepospondyli,787461,28557
Ctenerpeton primum,Ctenerpeton,Urocordylidae,Lepospondyli,781267,28166
Cyclotosaurus intermedius,Cyclotosaurus,Capitosauroidea,Temnospondyli,584075,17717
Cyclotosaurus posthumus,Cyclotosaurus,Capitosauroidea,Temnospondyli,283818,30410
Cyclotosaurus robustus,Cyclotosaurus,Capitosauroidea,Temnospondyli,930392,28828
Diplocaulus magnicornis,Diplocaulus,Keraterpetontidae,Lepospondyli,296089,7693
Diplocaulus magnicornis,Diplocaulus,Keraterpetontidae,Lepospondyli,787460,28557
Doleserpeton annectens,Doleserpeton,Amphibamidae,Temnospondyli,629467,28686
Doragnathus woodi,Doragnathus,Trimerorhachidae,Temnospondyli,1306606,57195
Dvinosaurus egregius,Dvinosaurus,Dvinosauria,Temnospondyli,795306,29103
Dvinosaurus primus,Dvinosaurus,Dvinosauria,Temnospondyli,1163741,47937
Dvinosaurus primus,Dvinosaurus,Dvinosauria,Temnospondyli,388988,9972
Dvinosaurus secundus,Dvinosaurus,Dvinosauria,Temnospondyli,388990,9972
Dvinosaurus secundus,Dvinosaurus,Dvinosauria,Temnospondyli,388989,9972
Elfridia bulbidens,Elfridia,Gymnarthridae,Lepospondyli,832562,31089
Eopelobates anthracinus,Eopelobates,Pelobatidae,Salientia,365724,9162
Eopelobates anthracinus,Eopelobates,Pelobatidae,Salientia,785706,4366
Eopelobates bayeri,Eopelobates,Pelobatidae,Salientia,652737,23644
Eopelobates hinschei,Eopelobates,Pelobatidae,Salientia,456627,11714
Eoxenopoides reuningi,Eoxenopoides,NA,Salientia,832125,15044
Eryops megacephalus,Eryops,Eryopidae,Temnospondyli,787459,28557
Gerrothorax new species,Gerrothorax,Plagiosauridae,Temnospondyli,929781,33823
Gracilibatrachus avallei,Gracilibatrachus,NA,Salientia,1094489,44133
Habrosaurus dilatus,Habrosaurus,Sirenidae,Urodela,287923,774
Hatzegobatrachus grigorescui,Hatzegobatrachus,NA,Salientia,972196,37358
Hemiprichisaurus keuperinus,Hemiprichisaurus,NA,NA,1104070,44850
Hensonbatrachus kermiti,Hensonbatrachus,NA,Salientia,1292579,56071
Hensonbatrachus kermiti,Hensonbatrachus,NA,Salientia,1292578,56071
Hensonbatrachus kermiti,Hensonbatrachus,NA,Salientia,1292577,56071
Hensonbatrachus kermiti,Hensonbatrachus,NA,Salientia,1292580,56071
Hensonbatrachus kermiti,Hensonbatrachus,NA,Salientia,1292581,56071
Ichthyerpeton squamosum,Ichthyerpeton,Colosteidae,NA,963876,28743
Indobatrachus pusillus,Indobatrachus,Bufonidae,Salientia,831816,30965
Intasuchus silvicola,Intasuchus,Intasuchidae,Temnospondyli,800079,5921
Karaurus sharovi,Karaurus,Karauridae,Urodela,984112,37918
Kiyatriton leshchinskiyi,Kiyatriton,NA,Urodela,1115476,45983
Konzhukovia vetusta,Konzhukovia,Archegosauridae,Temnospondyli,790215,14547
Koskinonodon perfectus,Koskinonodon,Metoposauridae,Temnospondyli,572543,17273
Koskinonodon perfectus,Koskinonodon,Metoposauridae,Temnospondyli,407765,14122
Koskinonodon perfectus,Koskinonodon,Metoposauridae,Temnospondyli,837165,14122
Koskinonodon perfectus,Koskinonodon,Metoposauridae,Temnospondyli,407774,14122
Koskinonodon perfectus,Koskinonodon,Metoposauridae,Temnospondyli,838835,14122
Koskinonodon perfectus,Koskinonodon,Metoposauridae,Temnospondyli,838863,14122
Koskinonodon perfectus,Koskinonodon,Metoposauridae,Temnospondyli,782200,14122
Labyrinthodon panchetensis,Labyrinthodon,Stereospondyli,Temnospondyli,1307366,57226
Laidleria gracilis,Laidleria,NA,Temnospondyli,1132297,46605
Latiscopus disjunctus,Latiscopus,Almasauridae,Temnospondyli,490778,43403
Lechriodus casca,Lechriodus,Leptodactylidae,Salientia,1309302,57503
Lechriodus intergerivus,Lechriodus,Leptodactylidae,Salientia,638996,19849
Lehahichnus coquinaris,Lehahichnus,NA,NA,780863,28154
Lethiscus stocki,Lethiscus,Lethiscidae,Lepospondyli,1302352,56770
Liaobatrachus beipiaoensis,Liaobatrachus,NA,Salientia,832123,31024
Liaobatrachus zhaoi,Liaobatrachus,NA,Salientia,1093730,47770
Llankibatrachus truebae,Llankibatrachus,Pipidae,Salientia,785719,28411
Llankibatrachus truebae,Llankibatrachus,Pipidae,Salientia,785715,28411
Lyrocephaliscus euri,Lyrocephaliscus,Lyrocephaliscidae,Temnospondyli,1131896,46568
Lyrocephaliscus euri,Lyrocephaliscus,Lyrocephaliscidae,Temnospondyli,1131895,46568
Lyrocephaliscus euri,Lyrocephaliscus,Lyrocephaliscidae,Temnospondyli,1131898,46568
Lysorophus tricarinatus,Lysorophus,Lysorophidae,Lepospondyli,787462,28557
Macropelobates osborni,Macropelobates,Pelobatidae,Salientia,831817,30967
Mahavisaurus dentatus,Mahavisaurus,Rhytidosteidae,Temnospondyli,1132147,46587
Mastodonsaurus giganteus,Mastodonsaurus,NA,Temnospondyli,929782,33823
Mastodonsaurus giganteus,Mastodonsaurus,NA,Temnospondyli,929804,33823
Mastodonsaurus lavisi,Mastodonsaurus,Mastodonsauridae,Temnospondyli,363119,9050
Mastodonsaurus torvus,Mastodonsaurus,NA,Temnospondyli,877795,28844
Matthewichnus caudifer,Matthewichnus,NA,Temnospondyli,762761,27502
Megamolgophis agostini,Megamolgophis,Lysorophidae,Lepospondyli,1037627,41252
Melanerpeton pulcherrimum,Melanerpeton,Branchiosauridae,Temnospondyli,559542,15696
Metoposaurus diagnosticus,Metoposaurus,Metoposauridae,Temnospondyli,880951,31149
Metoposaurus diagnosticus,Metoposaurus,Metoposauridae,Temnospondyli,773661,27875
Metoposaurus diagnosticus,Metoposaurus,Metoposauridae,Temnospondyli,881093,33402
Metoposaurus diagnosticus,Metoposaurus,Metoposauridae,Temnospondyli,584070,27868
Metoposaurus fraasi,Metoposaurus,Metoposauridae,Temnospondyli,782186,12932
Metoposaurus fraasi,Metoposaurus,Metoposauridae,Temnospondyli,782178,12930
Miopelodytes gilmorei,Miopelodytes,Pelodytidae,Salientia,831818,30968
Nanopus reidiae,Nanopus,NA,Temnospondyli,762762,27502
Neusibatrachus wilferti,Neusibatrachus,NA,Salientia,983526,37879
Notobatrachus degiustoi,Notobatrachus,NA,Salientia,832122,31021
Notobatrachus reigi,Notobatrachus,NA,Salientia,832127,31021
Onchiodon labyrinthicus,Onchiodon,Eryopidae,Temnospondyli,517728,14125
Opisthotriton kayi,Opisthotriton,Batrachosauroididae,Urodela,287921,774
Osteophorus typus,Osteophorus,Actinodontidae,Temnospondyli,530081,14629
Parotosuchus orientalis,Parotosuchus,NA,Temnospondyli,840366,28844
Plagioscutum caspiense,Plagioscutum,Plagiosauridae,Temnospondyli,789770,28844
Plagioscutum ochevi,Plagioscutum,Plagiosauridae,Temnospondyli,877630,28844
Plagioscutum ochevi,Plagioscutum,Plagiosauridae,Temnospondyli,877603,28844
Plagioscutum ochevi,Plagioscutum,Plagiosauridae,Temnospondyli,839582,28844
Plagioscutum ochevi,Plagioscutum,Plagiosauridae,Temnospondyli,877636,28844
Plagiosternum paraboliceps,Plagiosternum,Plagiosauridae,Temnospondyli,877650,28844
Plagiosternum paraboliceps,Plagiosternum,Plagiosauridae,Temnospondyli,877609,28844
Puertollanopus omicrodactylus,Puertollanopus,NA,Lepospondyli,699400,25351
Rana basaltica,Rana,Ranidae,Salientia,428386,17731
Rana carbonicola,Rana,Ranidae,Salientia,456628,11714
Regalerpeton weichangensis,Regalerpeton,NA,Urodela,831965,30990
Rhadalognathus boweni,Rhadalognathus,Heylerosauridae,Temnospondyli,368797,9311
Rhadinosteus parvus,Rhadinosteus,Rhinophrynidae,Salientia,574036,17758
Rhytidosteus capensis,Rhytidosteus,Rhytidosteidae,Temnospondyli,840368,28844
Rotaryus gothae,Rotaryus,Trematopidae,Temnospondyli,1016620,40304
Rubeostratilia texensis,Rubeostratilia,Amphibamidae,Temnospondyli,964693,36836
Salamandra sansaniensis,Salamandra,Salamandridae,Urodela,652741,23644
Saltenia ibanezi,Saltenia,Pipidae,Salientia,832131,31028
Saltenia ibanezi,Saltenia,Pipidae,Salientia,1072620,42876
Scapherpeton tectum,Scapherpeton,Scapherpetontidae,Urodela,287922,774
Scapherpeton tectum,Scapherpeton,Scapherpetontidae,Urodela,488985,803
Seminobatrachus boltyschkensis,Seminobatrachus,NA,Urodela,1071588,42822
Shelania laurenti,Shelania,Pipidae,Salientia,460647,11767
Shelania pascuali,Shelania,Pipidae,Salientia,832129,31028
Shelania pascuali,Shelania,Pipidae,Salientia,832130,31028
Shomronella jordanica,Shomronella,Pipidae,Salientia,784114,28313
Siderops kehli,Siderops,Chigutisauridae,Temnospondyli,719242,43609
Singidella latecostata,Singidella,NA,Salientia,785707,28410
Siren hesterna,Siren,Sirenidae,Urodela,1200529,50692
Sunnybatrachus purbeckensis,Sunnybatrachus,NA,Salientia,831962,30987
Syndyodosuchus tetricus,Syndyodosuchus,Intasuchidae,Temnospondyli,800080,5921
Triadobatrachus massinoti,Triadobatrachus,NA,Salientia,831989,30996
Trimerorhachis insignis,Trimerorhachis,NA,Temnospondyli,787458,28557
Tylototriton primigenius,Tylototriton,Salamandridae,Urodela,785827,28416
Tyrrellbatrachus brinkmani,Tyrrellbatrachus,NA,Salientia,1291764,56016
Tyrrellbatrachus brinkmani,Tyrrellbatrachus,NA,Salientia,1291762,56016
Tyrrellbatrachus brinkmani,Tyrrellbatrachus,NA,Salientia,1291763,56016
Tyrrellbatrachus brinkmani,Tyrrellbatrachus,NA,Salientia,479731,56016
Valdotriton gracilis,Valdotriton,NA,Urodela,293801,25847
Vyborosaurus mirus,Vyborosaurus,Benthosuchidae,Temnospondyli,411696,10285
Wawelia gerholdi,Wawelia,Ceratophryidae,Salientia,832124,31025
Wellesaurus peabodyi,Wellesaurus,Mastodonsauridae,Temnospondyli,855777,32378
Wellesaurus peabodyi,Wellesaurus,Mastodonsauridae,Temnospondyli,855781,32378
Wetlugasaurus malachovi,Wetlugasaurus,NA,Temnospondyli,411694,10285
Xenopus arabiensis,Xenopus,Pipidae,Salientia,699433,25356
Zatrachys conchigerus,Zatrachys,Zatracheidae,Temnospondyli,296138,7693
Zatrachys microphthalmus,Zatrachys,Zatracheidae,Temnospondyli,296027,7693
Zatrachys serratus,Zatrachys,Zatracheidae,Temnospondyli,1021845,40605
Avitabatrachus uliana,Avitabatrachus,NA,Lepospondyli,977164,37566
Aspidosaurus chiton,Aspidosaurus,Dissorophidae,Temnospondyli,296026,7693
Arariphrynus placidoi,Arariphrynus,NA,Salientia,832082,31011
